Workbook

Sheet TOC_HuongDan
A1: HỆ THỐNG ĐÁNH GIÁ RÈN LUYỆN HỌC SINH THEO KPI HÀNG NGÀY / HÀNG TUẦN
A2: TRƯỜNG THPT CHUYÊN HÙNG VƯƠNG (PHÚ THỌ) — NĂM HỌC 2026 - 2027 (07/09/2026 - 30/05/2027)
A4: DANH MỤC LỚP HỌC & MỤC LỤC TRUY CẬP NHANH (54 LỚP)
A5: STT | B5: Khối Lớp | C5: Tên Lớp Chuyên | D5: Giáo Viên Chủ Nhiệm | E5: Sĩ Số | F5: Truy Cập Nhanh Sheet Lớp | G5: Nhật Ký Vi Phạm Lớp
A6: 1 | B6: Khối 10 | C6: Lớp 10 TOAN A | D6: Triệu Văn Dũng | E6: 35 | F6: 👉 Đến Sheet 10_Toan_A | G6: 📋 Nhật Ký 10_Toan_A
A7: 2 | B7: Khối 10 | C7: Lớp 10 TOAN B | D7: Đoàn Thị Lan Oanh | E7: 35 | F7: 👉 Đến Sheet 10_Toan_B | G7: 📋 Nhật Ký 10_Toan_B
A8: 3 | B8: Khối 10 | C8: Lớp 10 LY A | D8: Bùi Hữu Giang | E8: 35 | F8: 👉 Đến Sheet 10_Ly_A | G8: 📋 Nhật Ký 10_Ly_A
A9: 4 | B9: Khối 10 | C9: Lớp 10 LY B | D9: Đỗ Thị Tuấn Minh | E9: 35 | F9: 👉 Đến Sheet 10_Ly_B | G9: 📋 Nhật Ký 10_Ly_B
A10: 5 | B10: Khối 10 | C10: Lớp 10 HOA A | D10: Dương Thị Thu Hương | E10: 35 | F10: 👉 Đến Sheet 10_Hoa_A | G10: 📋 Nhật Ký 10_Hoa_A
A11: 6 | B11: Khối 10 | C11: Lớp 10 HOA B | D11: Nguyễn Thị Việt Hương | E11: 35 | F11: 👉 Đến Sheet 10_Hoa_B | G11: 📋 Nhật Ký 10_Hoa_B
A12: 7 | B12: Khối 10 | C12: Lớp 10 SINH | D12: Nguyễn Thị Kim Ngọc | E12: 35 | F12: 👉 Đến Sheet 10_Sinh | G12: 📋 Nhật Ký 10_Sinh
A13: 8 | B13: Khối 10 | C13: Lớp 10 TIN A | D13: Đinh Thái Sơn | E13: 34 | F13: 👉 Đến Sheet 10_Tin_A | G13: 📋 Nhật Ký 10_Tin_A
A14: 9 | B14: Khối 10 | C14: Lớp 10 TIN B | D14: Nguyễn Tiến Cường | E14: 35 | F14: 👉 Đến Sheet 10_Tin_B | G14: 📋 Nhật Ký 10_Tin_B
A15: 10 | B15: Khối 10 | C15: Lớp 10 VAN A | D15: Nguyễn Thanh Xuân | E15: 35 | F15: 👉 Đến Sheet 10_Van_A | G15: 📋 Nhật Ký 10_Van_A
A16: 11 | B16: Khối 10 | C16: Lớp 10 VAN B | D16: Nguyễn Phương Hạnh | E16: 35 | F16: 👉 Đến Sheet 10_Van_B | G16: 📋 Nhật Ký 10_Van_B
A17: 12 | B17: Khối 10 | C17: Lớp 10 SU | D17: Trần Đức Thắng | E17: 35 | F17: 👉 Đến Sheet 10_Su | G17: 📋 Nhật Ký 10_Su
... A59: 54 | B59: Khối 12 | C59: Lớp 12 PHAP | D59: Nguyễn Thị Thái | E59: 35 | F59: 👉 Đến Sheet 12_Phap | G59: 📋 Nhật Ký 12_Phap
A62: QUY QUYẾT ĐÁNH GIÁ KPI & KHUNG XẾP LOẠI RÈN LUYỆN (THÔNG TƯ 22/2021/TT-BGDĐT)
A63: Thang điểm chuẩn: | B63: 100 điểm / tuần. Mỗi học sinh bắt đầu mỗi tuần học với 100 điểm chuẩn.
A64: Theo dõi hàng ngày: | B64: Từ Thứ 2 đến Chủ Nhật hàng tuần (7 ngày/tuần, 35 tuần học chính khóa).
A65: Công thức Điểm Tuần: | B65: Điểm Tuần = 100 + Tổng Điểm Cộng (+) trong tuần - Tổng Điểm Trừ (-) trong tuần.
A66: Điểm KPI TB Cả Năm: | B66: Trung bình cộng điểm rèn luyện 35 tuần = AVERAGE(Tuần 1 : Tuần 35).
A67: Mức TỐT: | B67: Điểm KPI TB từ 85.0 đến 100 điểm (Không vi phạm kỷ luật nghiêm trọng).
A68: Mức KHÁ: | B68: Điểm KPI TB từ 70.0 đến 84.9 điểm.
A69: Mức ĐẠT: | B69: Điểm KPI TB từ 50.0 đến 69.9 điểm.
A70: Mức CHƯA ĐẠT: | B70: Điểm KPI TB dưới 50.0 điểm HOẶC vi phạm kỷ luật nghiêm trọng (Hút thuốc, gian lận thi).

Sheet nội trú nữ
A1: TRƯỜNG THPT CHUYÊN HÙNG VƯƠNG
A2: DANH SÁCH HỌC SINH Ở KÝ TÚC XÁ - NỘI TRÚ NỮ
A3: NĂM HỌC 2026-2027
A4: TỔNG: 364 HS cập nhật ngày 15/9/2026
A5: Stt | B5: Phòng | C5: Họ và tên | D5: Ngày, tháng, năm sinh | E5: Lớp | F5: GVCN | G5: Địa chỉ | H5: Số CCCD | I5: ĐT - HS | J5: ĐT - Bố/Mẹ
A6: 1 | B6: 2.5 | C6: Nguyễn Tạ Bảo Ngọc | D6: 40351 | E6: 11 Toán A | F6: Thầy Sơn | G6: Đoan Hùng-Phú Thọ | H6: 025310015154 | I6: 0983711434 | J6: 0397533994
A7: 2 | C7: Lê Thị Quỳnh Mai | D7: 40383 | E7: 11 Toán A | F7: Thầy Sơn | G7: Đoan Hùng-Phú Thọ | H7: 025310002651 | I7: 0867178176 | J7: 0348249628
A8: 3 | C8: Ngô Hà Duyên | D8: 40435 | E8: 11 Toán A | F8: Thầy Sơn | G8: Cẩm Khê-Phú Thọ | H8: 025310012460 | I8: 0373813410 | J8: 0975677517
A9: 4 | C9: Nguyễn Thị Mai Thanh TP | D9: 40194 | E9: 11 Toán A | F9: Thầy Sơn | G9: Thanh Ba-Phú Thọ | H9: 025310005004 | I9: 0345489139 | J9: 0978302669
A10: 5 | B10: 2.6 | C10: Lê Gia Nhi | D10: 39832 | E10: 12 Sử | F10: Cô Hằng | G10: Lâm Thao-Phú Thọ | H10: 025309014941 | I10: 0987130883 | J10: 0987191882
A11: 6 | C11: Cao Nhật Mai | D11: 40061 | E11: 12 Anh A | F11: Cô Tố Nga | G11: Lâm Thao-Phú Thọ | H11: 025309009328 | I11: 0975312597 | J11: 0985447488
A12: 7 | C12: Ngô Mỹ Ly | D12: 39898 | E12: 12 Anh D | F12: Cô Oanh | G12: Lâm Thao-Phú Thọ | H12: 025309013928 | I12: 0398099885 | J12: 0353435658
A13: 8 | C13: Phạm Thu Phương TP | D13: 40004 | E13: 12 Tin | F13: Cô Thái | G13: Phù Ninh-Phú Thọ | H13: 025309011353 | I13: 0915685836 | J13: 0978521183
A14: 9 | C14: Phan Thanh Tâm | D14: 40058 | E14: 12 Hóa B | F14: Cô P.Hương | G14: Lâm Thao-Phú Thọ | H14: 025309011136 | I14: 0962285044 | J14: 0382494429
A15: 10 | C15: Quách Khánh Linh | D15: 40024 | E15: 12 Anh B | F15: Cô Trang | G15: Lâm Thao-Phú Thọ | H15: 025309002630 | I15: 0971809648 | J15: 0363585622
A16: 11 | B16: 2.7 | C16: Lưu Phương Thảo | D16: 39905 | E16: 12 Lý B | F16: Cô Tạ Lan | G16: TX Phú Thọ-Phú Thọ | H16: 025309002693 | I16: 0868595282 | J16: 0988975277
A17: 12 | C17: Đào Khánh Ly | D17: 39939 | E17: 12 Toán C | F17: Cô Thu | G17: TX Phú Thọ-Phú Thọ | H17: 025309000526 | I17: 0962502322 | J17: 0989846759
A18: 13 | C18: Hà Phương Liên | D18: 40073 | E18: 12 Hóa B | F18: Cô P.Hương | G18: TX Phú Thọ-Phú Thọ | H18: 025309015260 | I18: 0326832816 | J18: 0974802972
A19: 14 | C19: Lê Diệp Anh | D19: 40023 | E19: 12 Toán C | F19: Cô Thu | G19: TX Phú Thọ-Phú Thọ | H19: 025309014374 | I19: 0852595368 | J19: 0919828568
A20: 15 | C20: Trương Bảo Ngọc | D20: 39855 | E20: 12 Toán A | F20: Thầy K.Minh | G20: Thanh Ba-Phú Thọ | H20: 025309014209 | I20: 0334706258 | J20: 0976753268
A21: 16 | C21: Đặng Thị Thùy Linh TP | D21: 40008 | E21: 12 Hóa A | F21: Cô Điêu Hoa | G21: TX Phú Thọ-Phú Thọ | H21: 025309004438 | I21: 0383168162 | J21: 0978274692
A22: 17 | B22: 2.8 | C22: La Hà Phương | D22: 40284 | E22: 11 Anh C | F22: Cô Hồi | G22: Phù Ninh-Phú Thọ | H22: 025310013552 | I22: 0346877222 | J22: 0989655684
A23: 18 | C23: Dương Khánh Chi | D23: 40434 | E23: 11 Anh C | F23: Cô Hồi | G23: Phù Ninh-Phú Thọ | H23: 025310014714 | I23: 0984104355 | J23: 0987899355
A24: 19 | C24: Bùi Minh Nguyệt | D24: 39970 | E24: 12 Sử | F24: Cô Hằng | G24: TX Phú Thọ-Phú Thọ | H24: 025309005787 | I24: 0366260224 | J24: 0986821671
A25: 20 | C25: Nguyễn Thu Hiền | D25: 39962 | E25: 12 Sử | F25: Cô Hằng | G25: TX Phú Tho-Phú Thọ | H25: 025309012539 | I25: 0967259974 | J25: 0984537777
A26: 21 | C26: Trần Khánh Ngọc | D26: 40011 | E26: 12 Pháp | F26: Cô Thái | G26: TX Phú Thọ-Phú Thọ | H26: 025309007670 | I26: 0862137662 | J26: 0948131688
A27: 22 | B27: 2.9 | C27: Nguyễn Thị Ngọc | D27: 40011 | E27: 12 Anh B | F27: Cô Trang | G27: Lâm Thao-Phú Thọ | H27: 025309010274 | I27: 0971067208 | J27: 0927282992
A28: 23 | C28: Nguyễn Khánh Chi | D28: 40074 | E28: 12 Toán B | F28: Thầy X.Việt | G28: Lâm Thao-Phú Thọ | H28: 025309008819 | I28: 0357966918 | J28: 0358205505
A29: 24 | C29: Nguyễn Thủy Linh | D29: 40111 | E29: 12 Anh A | F29: Cô Tố Nga | G29: Lâm Thao-Phú Thọ | H29: 025309011996 | I29: 0865011881 | J29: 0915978822
A30: 25 | C30: Phạm Linh Trang | D30: 39954 | E30: 12 Anh A | F30: Cô Tố Nga | G30: Lâm Thao-Phú Thọ | H30: 025309005414 | I30: 0388541119 | J30: 0915483277
A31: 26 | C31: Nguyễn Ngọc Ly | D31: 39835 | E31: 12 Hóa A | F31: Cô Điêu Hoa | G31: Lâm Thao-Phú Thọ | H31: 025309003044 | I31: 0395255306 | J31: 0335764579
A32: 27 | C32: Đặng Kim Ngân | D32: 39826 | E32: 12 Lý B | F32: Cô Tạ Lan | G32: Lâm Thao-Phú Thọ | H32: 025309015209 | I32: 0868015318 | J32: 0976713680
A33: 28 | B33: 2.10 | C33: Trần Ngọc Tú | D33: 40190 | E33: 11 Toán A | F33: Thầy Sơn | G33: Thọ Văn-Phú Thọ | H33: 025310001083 | I33: 0386825510 | J33: 0399161089
A34: 29 | C34: Phan Bảo Ngọc | D34: 40460 | E34: 11 Toán A | F34: Thầy Sơn | G34: Tâm Nông-Phú Thọ | H34: 025310012199 | I34: 0964066438 | J34: 0984230839
A35: 30 | C35: Bùi Ngọc Linh | D35: 40192 | E35: 11 Toán A | F35: Thầy Sơn | G35: Thanh Sơn-Phú Thọ | H35: 025310011484 | I35: 0348207508 | J35: 0385042181
A36: 31 | C36: Nguyễn Thu Thủy TP | D36: 40330 | E36: 11 Sinh | F36: Cô Sen | G36: Phùng Nguyên-Phú Thọ | H36: 025310006575 | I36: 0913449568 | J36: 0916394688
A37: 32 | C37: Nguyễn Phương Thảo | D37: 40205 | E37: 11 Sinh | F37: Cô Sen | G37: Cẩm Khê-Phú Thọ | H37: 025310014994 | I37: 0963890003 | J37: 0987304415
A38: 33 | C38: Lê Bích Thảo | D38: 40232 | E38: 11 Sinh | F38: Cô Sen | G38: Phù Ninh-Phú Thọ | H38: 025310005357 | I38: 0372514405 | J38: 0975412672
A39: 34 | B39: 2.12 | C39: Đào Hoàng Khánh Ngọc | D39: 40839 | E39: 10 Sử | F39: Thầy Thắng | G39: Lâm Thao-Phú Thọ | H39: 025311011129 | I39: 0833245818 | J39: 0945181388
A40: 35 | B40: 2.12 | C40: Hà Huyền Trang | D40: 40659 | E40: 10 Toán B | F40: Cô Oanh | G40: Âu Cơ-Phú Thọ | H40: 002311002208 | I40: 0386262856 | J40: 0335121599
A41: 36 | C41: Hà Khánh Chi | D41: 40659 | E41: 10 Địa | F41: Cô Phượng | G41: Âu Cơ-Phú Thọ | H41: 002311010723 | I41: 0385171656 | J41: 0335121599
A42: 37 | C42: Bùi Phương Anh | D42: 40667 | E42: 10 Hóa A | F42: Cô D. Hương | G42: Phong Châu-Phú Thọ | H42: 025311004918 | I42: 0346989568 | J42: 0988613367
A43: 38 | C43: Lê Thu Minh | D43: 40845 | E43: 10 Hóa A | F43: Cô D. Hương | G43: Tam Nông-Phú Thọ | H43: 025311009416 | I43: 0865441528 | J43: 0397691328
A44: 39 | C44: Nguyễn Phúc Phương Chi | D44: 40780 | E44: 10 Hóa A | F44: Cô D. Hương | G44: Đào Xá-Phú Thọ | H44: 025311014879 | I44: 0818258211 | J44: 0982952992
A45: 40 | B45: 2.13 | C45: Lê Như Quỳnh | D45: 40443 | E45: 11 Toán C | F45: Cô L.Phương | G45: Lâm Thao-Phú Thọ | H45: 025310009303 | I45: 0963286818 | J45: 0969690390
A46: 41 | C46: Đinh Thị Hường | D46: 40234 | E46: 11 Lý B | F46: Cô P.Phương | G46: Thanh Sơn-Phú Thọ | H46: 025310004019 | I46: 0862269386 | J46: 0366496888
A47: 42 | C47: Lê Thúy Hường | D47: 40396 | E47: 11 Lý B | F47: Cô P.Phương | G47: Sông Lô-Phú Thọ | H47: 026310004373 | I47: 0985336097 | J47: 0965679356
A48: 43 | C48: Nguyễn Hà Vy | D48: 40445 | E48: 11 Lý B | F48: Cô P.Phương | G48: Võ Miếu-Phú Thọ | H48: 025310007010 | I48: 0968630805 | J48: 0369648226
A49: 44 | C49: Vũ Thu Vân TP | D49: 40185 | E49: 11 Lý B | F49: Cô P.Phương | G49: Thanh Ba-Phú Thọ | H49: 025310000273 | I49: 0344729041 | J49: 0973848366
A50: 45 | C50: Nguyễn Hoàng Linh | D50: 40465 | E50: 11 Lý B | F50: Cô P.Phương | G50: Đoan Hùng-Phú Thọ | H50: 025310012024 | I50: 0326912010 | J50: 0987454364
A51: 46 | B51: 2.14 | C51: Nguyễn Thị Diệu Hiền | D51: 40495 | E51: 11 Hóa A | F51: Thầy Tuấn | G51: Lập Thạch-Phú Thọ | H51: 025310007852 | I51: 0388802213 | J51: 0386922951
A52: 47 | C52: Lê Khánh Chi | D52: 40388 | E52: 11 Hóa A | F52: Thầy Tuấn | G52: Bản Nguyên-Phú Thọ | H52: 025310013524 | I52: 0982428387 | J52: 0964239333
A53: 48 | C53: Nguyễn Thị Thùy Dung | D53: 40296 | E53: 11 Hóa A | F53: Thầy Tuấn | G53: Đoan Hùng-Phú Thọ | H53: 025310012499 | I53: 0345798488 | J53: 0388096065
A54: 49 | C54: Đào Bích Huệ | D54: 40477 | E54: 11 Hóa A | F54: Thầy Tuấn | G54: Phong Châu-Phú Thọ | H54: 025310001526 | I54: 0389260048 | J54: 0984169501
A55: 50 | C55: Dương Hương Giang | D55: 40528 | E55: 11 Hóa A | F55: Thầy Tuấn | G55: Phong Châu-Phú Thọ | H55: 027310004157 | I55: 0962970885 | J55: 0913633486
A56: 51 | C56: Phùng Thị Khánh Linh TP | D56: 40330 | E56: 11 Hóa B | F56: Cô L.Hằng | G56: Phong Châu-Phú Thọ | H56: 025310004333 | I56: 0964246610 | J56: 0862797491
A57: 52 | B57: 2.15 | C57: Trần Hà Minh Thư | D57: 39960 | E57: 12 Hóa B | F57: Cô P.Hương | G57: Tam Nông-Phú Thọ | H57: 025309008071 | I57: 0984906108 | J57: 0984187298
A58: 53 | C58: Hoàng Khánh Ngọc | D58: 39998 | E58: 12 Toán C | F58: Cô Thu | G58: Thanh Ba- Phú Thọ | H58: 025309002833 | I58: 0384173080 | J58: 0386164428
A59: 54 | C59: Nguyễn Hà Minh | D59: 39966 | E59: 12 Pháp | F59: Cô Thái | G59: Tam Nông-Phú Thọ | H59: 025309002233 | I59: 0333450185 | J59: 0975135765
A60: 55 | C60: Hoàng Linh Phương | D60: 39927 | E60: 12 Văn B | F60: Cô Mỹ | G60: Tam Nông-Phú Thọ | H60: 025309000085 | I60: 0387248495 | J60: 0984255826
A61: 56 | C61: Nguyễn Hà Ngân | D61: 40039 | E61: 12 Toán C | F61: Cô Thu | G61: Tam Nông-Phú Thọ | H61: 025309014210 | I61: 0375125638 | J61: 0977742672
A62: 57 | C62: Nguyễn Hà Tường Anh | D62: 40064 | E62: 12 Hóa B | F62: Cô P.Hương | G62: Tam Nông-Phú Thọ | H62: 025309014795 | I62: 0855990968 | J62: 0977085764
A63: 58 | B63: 2.16 | C63: Nguyễn Thanh Hằng | D63: 40747 | E63: 10 Tin B | F63: Thầy Cường | G63: Trạm Thản-Phú Thọ | H63: 025311001305 | I63: 0867668636 | J63: 0971488708
A64: 59 | C64: Nguyễn Anh Thư | D64: 40842 | E64: 10 Sử | F64: Thầy Thắng | G64: Đan Thượng-Phú Thọ | H64: 025311014005 | I64: 0392334731 | J64: 0389915756
A65: 60 | C65: Nguyễn Thu Trang | D65: 40741 | E65: 10 Sử | F65: Thầy Thắng | G65: Âu Cơ-Phú Thọ | H65: 015311006321 | I65: 0367342011 | J65: 0982393381
A66: 61 | C66: Đặng Nguyễn Khánh Ngọc | D66: 40588 | E66: 10 Sử | F66: Thầy Thắng | G66: Phù Ninh-Phú Thọ | H66: 025311008198 | I66: 0962231004 | J66: 0979682438
A67: 62 | C67: Nguyễn Tuệ Lâm | D67: 40852 | E67: 10 Sử | F67: Thầy Thắng | G67: Phùng Nguyên-Phú Thọ | H67: 026311007247 | I67: 0347518283 | J67: 0945073386
A68: 63 | C68: Nguyễn Diệp Bảo Trâm | D68: 40825 | E68: 10 Sử | F68: Thầy Thắng | G68: Đoan Hùng-Phú Thọ | H68: 025311003471 | I68: 0846232296 | J68: 0912798976
A69: 64 | B69: 2.17 | C69: Bùi Lan Phương | D69: 40455 | E69: 11 Hóa B | F69: Cô L.Hằng | G69: Phù Ninh-Phú Thọ | H69: 025310004548 | I69: 0976382978 | J69: 0968865878
A70: 65 | C70: Dương Gia Nhi | D70: 40382 | E70: 11 Hóa B | F70: Cô L.Hằng | G70: Vĩnh Yên-Phú Thọ | H70: 026310012735 | I70: 0357598536 | J70: 0972707558
A71: 66 | C71: Mai Hương Giang | D71: 40433 | E71: 11 Hóa B | F71: Cô L.Hằng | G71: Nhữ Khê-Tuyên Quang | H71: 008310007463 | I71: 0962596792 | J71: 0988929376
A72: 67 | C72: Trần Thùy Trang TP | D72: 40352 | E72: 11 Hóa B | F72: Cô L.Hằng | G72: Thanh Ba-Phú Thọ | H72: 025310010238 | I72: 0342284250 | J72: 0978793500
A73: 68 | C73: Dương Hải Yên | D73: 40476 | E73: 11 Hóa B | F73: Cô L.Hằng | G73: Phú Thọ- Phú Thọ | H73: 025310011815 | I73: 0819902908 | J73: 0915345348
A74: 69 | C74: Nguyễn Thị Thanh Huyền | D74: 40309 | E74: 11 Hóa B | F74: Cô L.Hằng | G74: Thanh Thủy-Phú Thọ | H74: 025310016021 | I74: 0975517371 | J74: 0975292592
A75: 70 | B75: 2.18 | C75: Hà Ngọc Ly | D75: 40246 | E75: 11 Văn A | F75: Cô Dương | G75: Tam Sơn-Phú Thọ | H75: 026310003669 | I75: 0377098810 | J75: 0973680740
A76: 71 | C76: Mai Ngọc Ánh | D76: 40350 | E76: 11 Văn B | F76: Cô Chi | G76: Đan Thượng-Phú Thọ | H76: 025310004233 | I76: 0382894430 | J76: 0376929892
A77: 72 | C77: Nguyễn Trà My | D77: 40364 | E77: 11 Văn B | F77: Cô Chi | G77: Thanh Ba-Phú Thọ | H77: 025310010376 | I77: 0983530974 | J77: 0973140263
A78: 73 | C78: Đặng Hương Giang | D78: 40442 | E78: 11 Văn B | F78: Cô Chi | G78: Đoan Hùng-Phú Thọ | H78: 025310015282 | I78: 0332645821 | J78: 0972917751
A79: 74 | C79: Nguyễn Thị Thu Hằng TP | D79: 40408 | E79: 11 Văn B | F79: Cô Chi | G79: Tam Nông-Phú Thọ | H79: 025310004832 | I79: 0963414089 | J79: 0367290045
A80: 75 | B80: 2.20 | C80: Nguyễn Quỳnh Lê Na | D80: 40077 | E80: 12 Pháp | F80: Cô Thái | G80: Lâm Thao-Phú Thọ | H80: 025309012461 | I80: 0962732690 | J80: 0973829661
A81: 76 | C81: Phạm Trần Khánh Linh | D81: 40106 | E81: 12 Sử | F81: Cô Hằng | G81: Phù Ninh-Phú Thọ | H81: 025309003180 | I81: 0979983152 | J81: 0983470624
A82: 77 | C82: Nguyễn Hà Trang | D82: 39991 | E82: 12 Anh D | F82: Cô Oanh | G82: Hạ Hòa-Phú Thọ | H82: 025309009950 | I82: 0384199865 | J82: 0347814976
A83: 78 | C83: Nguyễn Minh Thảo | D83: 39872 | E83: 12 Anh E | F83: Cô Thọ Anh | G83: Cẩm Khê - Phú Thọ | H83: 025309013579 | I83: 0337876472 | J83: 0342382166
A84: 79 | C84: Trần Hương Lan | D84: 40172 | E84: 12 Anh E | F84: Cô Thọ Anh | G84: Cẩm Khê-Phú Thọ | H84: 025309010162 | I84: 0967251209 | J84: 0973102199
A85: 80 | B85: 3.1 | C85: Hồ Thị Lâm Phương | D85: 40527 | E85: 11 Sinh | F85: Cô Sen | G85: Địch Quả-Thanh Sơn | H85: 025310006836 | I85: 0965862821 | J85: 0979935224
A86: 81 | C86: Tống Như Quỳnh | D86: 40340 | E86: 11 Sinh | F86: Cô Sen | G86: Thanh Ba-Phú Thọ | H86: 025310014284 | I86: 0395268610 | J86: 0968770934
A87: 82 | C87: Trần Quỳnh Mai | D87: 40235 | E87: 11 Sinh | F87: Cô Sen | G87: Phú Thọ- Phú Thọ | H87: 025310004152 | I87: 0971360433 | J87: 0983931269
A88: 83 | C88: Nguyễn Mai Hiên | D88: 40195 | E88: 11 Sinh | F88: Cô Sen | G88: Thanh Thủy-Phú Thọ | H88: 025310000211 | I88: 0352670415 | J88: 0978682653
A89: 84 | C89: Hà Khánh Ly | D89: 40326 | E89: 11 Sinh | F89: Cô Sen | G89: Phường Phú Thọ-Phú Thọ | H89: 025310001665 | I89: 0969566932 | J89: 0385535129
A90: 85 | B90: 3.2 | C90: Ngô Quỳnh Anh | D90: 40143 | E90: 12 Anh E | F90: Cô Thọ Anh | G90: Phù Ninh-Phú Thọ | H90: 025309010000 | I90: 0973257258 | J90: 0968938969
A91: 86 | C91: Nguyễn Kiều Anh | D91: 40028 | E91: 12 Pháp | F91: Cô Thái | G91: Phù Ninh-Phú Thọ | H91: 025309003754 | I91: 0914572928 | J91: 0983028016
A92: 87 | C92: Trần Hoàng Phương | D92: 40004 | E92: 12 Anh B | F92: Cô Trang | G92: Phù Ninh-Phú Thọ | H92: 025309008140 | I92: 0866727627 | J92: 0862033302
A93: 88 | C93: Vũ Hải Yến | D93: 39858 | E93: 12 Anh C | F93: Cô Đ.Hằng | G93: Phù Ninh-Phú Thọ | H93: 025309005019 | I93: 0384638467 | J93: 0963933685
A94: 89 | C94: Lê Quỳnh Anh | D94: 39824 | E94: 12 Pháp | F94: Cô Thái | G94: Yên lập-Phú Thọ | H94: 025309007415 | I94: 0988206505 | J94: 0983301406
A95: 90 | C95: Nguyễn Đào Lan Chinh | D95: 40124 | E95: 12 Pháp | F95: Cô Thái | G95: Cẩm Khê-Phú Thọ | H95: 025309044122 | I95: 0399161273 | J95: 0386093598
A96: 91 | B96: 3.3 | C96: Trần Thị Hà Phương | D96: 40838 | E96: 10 Anh | F96: Cô Trang | G96: Lâm Thao-Phú Thọ | H96: 019311012762 | I96: 0888356239 | J96: 0978386829
A97: 92 | C97: Nguyễn Vũ Thùy Dương | D97: 40682 | E97: 10 Anh | F97: Cô Trang | G97: Hùng Việt-Phú Thọ | H97: 025311012700 | I97: 0362823866 | J97: 0983603488
A98: 93 | C98: Nguyễn Hà Phương | D98: 40848 | E98: 10 Anh | F98: Cô Trang | G98: Cẩm Khê-Phú Thọ | H98: 025311006471 | I98: 0337471812 | J98: 0988108603
A99: 94 | C99: Nguyễn Thị Vân Anh | D99: 40839 | E99: 10 Anh | F99: Cô Trang | G99: Cẩm Khê-Phú Thọ | I99: 0374959138 | J99: 0985093142
A100: 95 | C100: Mè Phương Lâm | D100: 40604 | E100: 10 Anh | F100: Cô Trang | G100: Tân Sơn-Phú Thọ | H100: 025311004380 | I100: 0962695226 | J100: 0367538949
...

Sheet nội trú nam
A1: TRƯỜNG THPT CHUYÊN HÙNG VƯƠNG
A2: DANH SÁCH HỌC SINH Ở KÝ TÚC XÁ - NỘI TRÚ NAM
A3: NĂM HỌC 2026-2027
A4: TỔNG: 335 HS, cập nhật ngày 24/9/2026
A5: Stt | B5: Phòng | C5: Họ và tên | D5: Ngày, tháng, năm sinh | E5: Lớp | F5: GVCN | G5: Địa chỉ | H5: Số CCCD/Mã ĐD | I5: ĐT - HS | J5: ĐT - Bố/Mẹ
A6: 1 | B6: 2.1 | C6: Lê Quang Minh | D6: 39981 | E6: 12 Lý B | F6: Cô Tạ Lan | G6: Thanh Ba-Phú Thọ | H6: 025209020902 | I6: 0981412098 | J6: 0388862772
A7: 2 | C7: Nguyễn Hữu Bảo | D7: 39907 | E7: 12 Toán C | F7: Cô Thu | G7: TX Phú Thọ-Phú Thọ | H7: 025209009349 | I7: 0395975526 | J7: 0984075435
A8: 3 | C8: Đoàn Đại Việt | D8: 39971 | E8: 12 Sử | F8: Cô Hằng | G8: TX Phú Thọ-Phú Thọ | H8: 025209000108 | I8: 0862632188 | J8: 0961596158
A9: 4 | C9: Nguyễn Nhật Hoàng | D9: 39836 | E9: 12 Hóa B | F9: Cô P.Hương | G9: Cẩm Khê-Phú Thọ | H9: 025209014718 | I9: 0389877154 | J9: 0973927582
A10: 5 | C10: Lê Duy Tuấn | D10: 39830 | E10: 12 Hóa A | F10: Cô Điêu Hoa | G10: TX Phú Thọ-Phú Thọ | H10: 025209011927 | I10: 0326338560 | J10: 0346146680
A11: 6 | C11: Lương Trần Hải | D11: 40046 | E11: 12 Toán C | F11: Cô Thu | G11: Cẩm Khê-Phú Thọ | H11: 025209011087 | I11: 0984651912 | J11: 0396854576
A12: 7 | B12: 2.2 | C12: Nguyễn Hoàng Long | D12: 40380 | E12: 11 Tin | F12: Cô Hà | G12: Sơn Đông - Phú Thọ | H12: 002210011128 | I12: 0386754997 | J12: 0868343856
A13: 8 | C13: Trương Thái Dương | D13: 40517 | E13: 11 Tin | F13: Cô Hà | G13: Lập Thạch-Phú Thọ | H13: 026210020310 | I13: 0975798221 | J13: 0978696809
A14: 9 | C14: Hoàng Trọng Tú | D14: 40199 | E14: 11 Tin | F14: Cô Hà | G14: Hy Cương-Phú Thọ | H14: 025210012701 | I14: 0968670281 | J14: 0388919388
A15: 10 | C15: Nguyễn Tiến Đạt | D15: 40315 | E15: 11 Tin | F15: Cô Hà | G15: Thanh Sơn-Phú Thọ | H15: 025210004238 | I15: 0336596484 | J15: 0366584486
A16: 11 | C16: Nguyễn Hà Thiện Phước | D16: 40260 | E16: 11 Tin | F16: Cô Hà | G16: Thanh Sơn-Phú Thọ | H16: 025210014209 | I16: 0332368233 | J16: 0356593925
A17: 12 | C17: Nguyễn Chí Dương | D17: 40249 | E17: 11 Tin | F17: Cô Hà | G17: Tam Nông- Phú Thọ | H17: 025210010176 | I17: 0337830596 | J17: 0333073217
A18: 13 | B18: 2.3 | C18: Nguyễn Trung Sơn TP | D18: 40297 | E18: 11 Toán B | F18: Cô Hiền | G18: Phù Ninh-Phú Thọ | H18: 025210012358 | I18: 0943598210 | J18: 0973830707
A19: 14 | C19: Quản Đức Anh | D19: 40250 | E19: 11 Lý B | F19: Cô P.Phương | G19: Hải Lựu-Phú Thọ | H19: 026210008247 | I19: 0386258933 | J19: 0972572489
A20: 15 | C20: Đào Duy Anh | D20: 40340 | E20: 11 Hóa B | F20: Cô L.Hằng | G20: Tam Nông- Phú Thọ | H20: 025210016605 | I20: 0966415808 | J20: 0369564585
A21: 16 | C21: Dương Xuân Quý | D21: 40330 | E21: 11 Hóa B | F21: Cô L.Hằng | G21: Hiền Lương-Phú Thọ | H21: 025210012535 | I21: 0376523093 | J21: 0984645728
A22: 17 | C22: Nguyễn Trung Lâm | D22: 40276 | E22: 11 Anh B | F22: Cô Đ.Hoa | G22: Cẩm Khê-Phú Thọ | H22: 025210007164 | I22: 0335047960 | J22: 0989926508
A23: 18 | C23: Đặng Hải Đăng | D23: 40394 | E23: 11 Toán A | F23: Thầy Sơn | G23: Cẩm Khê-Phú Thọ | H23: 001210025248 | I23: 0344082010 | J23: 0965620579
A24: 19 | B24: 2.4 | C24: Nguyễn Minh Quân | D24: 40115 | E24: 12 Toán C | F24: Cô Thu | G24: Thanh Sơn-Phú Thọ | H24: 025209002798 | I24: 0373791906 | J24: 0974582563
A25: 20 | C25: Nguyễn Tuấn Minh | D25: 40140 | E25: 12 Anh B | F25: Cô Trang | G25: Thanh Sơn-Phú Thọ | H25: 025209005024 | I25: 0986752370 | J25: 0989621486
A26: 21 | C26: Nguyễn Khoa Đăng | D26: 40098 | E26: 12 Toán B | F26: Thầy X.Việt | G26: Thanh Sơn-Phú Thọ | H26: 025209005452 | I26: 0337235595 | J26: 0984572908
A27: 22 | C27: Trần Duy Sơn | D27: 40065 | E27: 12 Anh E | F27: Cô Thọ Anh | G27: Tân Sơn-Phú Thọ | H27: 025209015542 | I27: 0392266831 | J27: 0962309009
A28: 23 | C28: Nguyễn Trường Minh | D28: 40043 | E28: 12 Lý B | F28: Cô Tạ Lan | G28: Thanh Sơn-Phú Thọ | H28: 025209013220 | I28: 0364586209 | J28: 0363135933
A29: 24 | C29: Đinh Thanh Tùng | D29: 40080 | E29: 12 Anh D | F29: Cô Oanh | G29: Thanh Sơn-Phú Thọ | H29: 008209005895 | I29: 0867268809 | J29: 0977353916
A30: 25 | B30: 2.5 | C30: Phạm Đức Hoàng | D30: 40707 | E30: 10 Lý A | F30: Thầy Giang | G30: Hiền Quan-Phú Thọ | H30: 002211005380 | I30: 0833022369 | J30: 0376597048
A31: 26 | C31: Nguyễn Trường Giang | D31: 40563 | E31: 10 Lý A | F31: Thầy Giang | G31: Đoan Hùng-Phú Thọ | H31: 025211003008 | I31: 0942498740 | J31: 0989387339
A32: 27 | C32: Lê Ngọc Khánh | D32: 40664 | E32: 10 Lý A | F32: Thầy Giang | G32: Cẩm Khê-Phú Thọ | H32: 025211015269 | I32: 0971476033 | J32: 0984201970
A33: 28 | C33: Nguyễn Bình Minh | D33: 40774 | E33: 10 Lý A | F33: Thầy Giang | G33: Cẩm Khê-Phú Thọ | H33: 025211011016 | I33: 0964089637 | J33: 0962646417
A34: 29 | C34: Lê Quốc Cường | D34: 40805 | E34: 10 Lý A | F34: Thầy Giang | G34: Phù Ninh-Phú Thọ | H34: 025211014013 | I34: 0335190911 | J34: 0373081186
A35: 30 | C35: Nguyễn Tuấn Huy | D35: 40671 | E35: 10 Lý A | F35: Thầy Giang | G35: Phong Châu-Phú Thọ | H35: 025211014274 | I35: 0388283484 | J35: 0949302666
A36: 31 | B36: 2.6 | C36: Trần Quý Khang | D36: 40725 | E36: 10 Tin B | F36: Thầy Cường | G36: Tam Sơn-Phú Thọ | H36: 026211006415 | I36: 0848062011 | J36: 0942002449
A37: 32 | C37: Nguyễn Tiến Dũng | D37: 40548 | E37: 10 Tin B | F37: Thầy Cường | G37: Phù Ninh-Phú Thọ | H37: 025211012635 | I37: 0392083689 | J37: 0982241304
A38: 33 | C38: Khuất Thanh Lâm | D38: 40793 | E38: 10 Tin B | F38: Thầy Cường | G38: Tu Vũ-Phú Thọ | H38: 025711009090 | I38: 0358483483 | J38: 0965616568
A39: 34 | C39: Hoàng Anh Đức | D39: 40609 | E39: 10 Tin B | F39: Thầy Cường | G39: Phù Ninh-Phú Thọ | H39: 025211005547 | I39: 0982976843 | J39: 0947293185
A40: 35 | C40: Phan Đức Huy | D40: 40804 | E40: 10 Địa | F40: Cô Phượng | G40: Vĩnh Phúc-Phú Thọ | H40: 026211002913 | I40: 0985611669 | J40: 0912599139
A41: 36 | C41: Bùi Ngọc Huy | D41: 40594 | E41: 10 Hàn | F41: Cô Diên | G41: Đồng Lương-Phú Thọ | H41: 025211016795 | I41: 0865216841 | J41: 0975841408
A42: 37 | B42: 2.7 | C42: Bùi Hữu Nghĩa | D42: 39892 | E42: 12 Lý B | F42: Cô Tạ Lan | G42: Cẩm Khê-Phú Thọ | H42: 025209011843 | I42: 0364023686 | J42: 0355223568
A43: 38 | C43: Tạ Khoa Hoàng Anh | D43: 40035 | E43: 12 Lý A | F43: Cô Bình | G43: Tam Nông-Phú Thọ | H43: 025209014098 | I43: 0366526608 | J43: 0963867836
A44: 39 | C44: Nguyễn Đức Anh Tú | D44: 40100 | E44: 12 Sinh | F44: Cô P.Huyền | G44: TX Phú Thọ-Phú Thọ | H44: 025209005691 | I44: 0332141009 | J44: 0982199567
A45: 40 | C45: Nguyễn Vi Anh Kiệt | D45: 39930 | E45: 12 Toán A | F45: Thầy K.Minh | G45: TX Phú Thọ-Phú Thọ | H45: 025209012755 | I45: 0963217055 | J45: 0916007755
A46: 41 | C46: Triệu Văn Việt | D46: 40124 | E46: 12 Hóa B | F46: Cô P.Hương | G46: Lâm Thao- Phú Thọ | H46: 025209002278 | I46: 0395382009 | J46: 0982337082
A47: 42 | B47: 2.8 | C47: Lại Tùng Anh | D47: 40083 | E47: 12 Anh D | F47: Cô Oanh | G47: Tam Nông-Phú Thọ | H47: 025209005008 | I47: 0968039963 | J47: 0943037636
A48: 43 | C48: Vương Tiến Dũng | D48: 39881 | E48: 12 Lý B | F48: Cô Tạ Lan | G48: Tam Nông-Phú Thọ | H48: 025209002196 | I48: 0964090309 | J48: 0982207983
A49: 44 | C49: Nguyễn Đoàn Anh Tú | D49: 40128 | E49: 12 Lý B | F49: Cô Tạ Lan | G49: Tam Nông-Phú Thọ | H49: 025209012597 | I49: 0916392207 | J49: 0942182235
A50: 45 | C50: Nguyễn Bá Duy | D50: 40113 | E50: 12 Lý A | F50: Cô Bình | G50: Tam Nông-Phú Thọ | H50: 025209015208 | I50: 0899134311 | J50: 0972570803
A51: 46 | C51: Nguyễn Tiến Dũng | D51: 39847 | E51: 12 Lý A | F51: Cô Bình | G51: Sông Lô-Vĩnh Phúc | H51: 026209013191 | I51: 0365637689 | J51: 0948014675
A52: 47 | C52: Ngô Viết Tính | D52: 39843 | E52: 12 Tin | F52: Cô Thái | G52: Tam Nông-Phú Thọ | H52: 025209016487 | I52: 0357794112 | J52: 0777625732
A53: 48 | B53: 2.9 | C53: Trần Duy Thành | D53: 46277 | E53: 11 Sử | F53: Thầy Nhật | G53: Phù Ninh-Phú Thọ | H53: 025210004736 | I53: 0963560926 | J53: 0387233688
A54: 49 | C54: Hoàng Nhật Minh | D54: 40417 | E54: 11 Tin | F54: Cô Hà | G54: Phù Ninh-Phú Thọ | H54: 025210004133 | I54: 0982555899 | J54: 0978535688
A55: 50 | C55: Nguyễn Trung Hiếu | D55: 40517 | E55: 11 Tin | F55: Cô Hà | G55: Lâm Thao - Phú Thọ | H55: 025210016722 | I55: 0966467081 | J55: 0842384214
A56: 51 | C56: Lê Duy Khoa | D56: 40278 | E56: 11 Tin | F56: Cô Hà | G56: Sơn Dương-Tuyên Quang | H56: 026210005806 | I56: 0357582199 | J56: 0989360230
A57: 52 | C57: Đào Quang Minh | D57: 39966 | E57: 12 Anh A | F57: Cô Tố Nga | G57: Hoàng Mai-Hà Nội | H57: 001209062114 | I57: 0969843877 | J57: 0986123623
A58: 53 | B58: 2.10 | C58: Vũ Hữu Minh Trung | D58: 40136 | E58: 12 Lý B | F58: Cô Tạ Lan | G58: TX Phú Thọ-Phú Thọ | H58: 025209008532 | I58: 0346738335 | J58: 0369206797
A59: 54 | C59: Hà Tùng Anh | D59: 40173 | E59: 12 Lý B | F59: Cô Tạ Lan | G59: TX Phú Thọ-Phú Thọ | H59: 025209009565 | I59: 0868638100 | J59: 0379662299
A60: 55 | C60: Lê Anh Quân | D60: 40057 | E60: 12 Lý B | F60: Cô Tạ Lan | G60: TX Phú Thọ-Phú Thọ | H60: 025209013067 | I60: 0368312829 | J60: 0985655702
A61: 56 | C61: Nguyễn Minh Hoàng | D61: 40158 | E61: 12 Lý A | F61: Cô Bình | G61: TX Phú Thọ-Phú Thọ | H61: 025209003839 | I61: 0399954528 | J61: 0988221271
A62: 57 | C62: Cao Tuấn Minh | D62: 39852 | E62: 12 Tin | F62: Cô Thái | G62: TX Phú Thọ-Phú Thọ | H62: 025209009989 | I62: 0369708999 | J62: 0985338477
A63: 58 | C63: Hà Trung Hiếu | D63: 39928 | E63: 12 Toán C | F63: Cô Thu | G63: TX Phú Thọ-Phú Thọ | H63: 025209003331 | I63: 0947362282 | J63: 0336597238
A64: 59 | B64: 3.1 | C64: Hoàng Tuấn Hưng | D64: 40011 | E64: 12 Toán A | F64: Thầy K.Minh | G64: Lâm Thao-Phú Thọ | H64: 025209007483 | I64: 0327862629 | J64: 0977942889
A65: 60 | C65: Nguyễn Tiến Sơn | D65: 40146 | E65: 12 Toán A | F65: Thầy K.Minh | G65: TX Phú Thọ-Phú THọ | H65: 025209000102 | I65: 0867291109 | J65: 0383136385
A66: 61 | C66: Hà Thanh Tùng | D66: 39827 | E66: 12 Toán A | F66: Thầy K.Minh | G66: Cẩm Khê-Phú Thọ | H66: 025209011107 | I66: 0364364608 | J66: 0986200085
A67: 62 | C67: Nguyễn Việt Anh | D67: 39827 | E67: 12 Anh D | F67: Cô Oanh | G67: Lâm Thao-Phú Thọ | H67: 025209004519 | I67: 0334189321 | J67: 0984474126
A68: 63 | C68: Lâm Trung Kiên | D68: 39818 | E68: 12 Toán A | F68: Thầy K.Minh | G68: Lâm Thao-Phú Thọ | H68: 025209011754 | I68: 0353138664 | J68: 0378354778
A69: 64 | C69: Nguyễn Công Khanh | D69: 40111 | E69: 12 Anh A | F69: Cô Tố Nga | G69: Lâm Thao-Phú Thọ | H69: 025209004584 | I69: 0923299986 | J69: 0978441291
A70: 65 | B70: 3.2 | C70: Đinh Công Hiếu | D70: 39843 | E70: 12 Toán B | F70: Thầy X.Việt | G70: Lâm Thao- Phú Thọ | H70: 025209008609 | I70: 0328001473 | J70: 0978114794
A71: 66 | C71: Tạ Nhật Duy | D71: 39878 | E71: 12 Toán C | F71: Cô Thu | G71: Lâm Thao- Phú Thọ | H71: 025209011531 | I71: 0377083917 | J71: 0982060346
A72: 67 | C72: Lê Minh Quân | D72: 40073 | E72: 12 Toán C | F72: Cô Thu | G72: Lâm Thao- Phú Thọ | H72: 025209015469 | I72: 0868170909 | J72: 0983260499
A73: 68 | C73: Trần Quang Vinh | D73: 40049 | E73: 12 Toán C | F73: Cô Thu | G73: Lâm Thao- Phú Thọ | H73: 025209007106 | I73: 0947157488 | J73: 0835386899
A74: 69 | C74: Phan Công Lý | D74: 39980 | E74: 12 Toán A | F74: Thầy K.Minh | G74: Lâm Thao- Phú Thọ | H74: 025209010871 | I74: 0388122658 | J74: 0988969235
A75: 70 | B75: 3.3 | C75: Nguyễn Nam Anh | D75: 40875 | E75: 10 Lý A | F75: Thầy Giang | G75: Phường Phú Thọ-Phú Thọ | H75: 025211006814 | I75: 0835372468 | J75: 0976005179
A76: 71 | C76: Lê Thanh Bình | D76: 40766 | E76: 10 Lý B | F76: Cô Minh | G76: Hùng Vương-Phú Thọ | H76: 025211005543 | I76: 0336268311 | J76: 0343715825
A77: 72 | C77: Dương Tiến Thành | D77: 40552 | E77: 10 Lý B | F77: Cô Minh | G77: Trạm Thản-Phú Thọ | H77: 025211013176 | I77: 0979543461 | J77: 0975678245
A78: 73 | C78: Trần Bảo Lâm | D78: 40625 | E78: 10 Lý B | F78: Cô Minh | G78: Vạn Xuân-Phú Thọ | H78: 025211013170 | I78: 0333695636 | J78: 0386102166
A79: 74 | C79: Nguyễn Trung Hiếu | D79: 40760 | E79: 10 Lý B | F79: Cô Minh | G79: Tam Nông-Phú Thọ | H79: 025211007055 | I79: 0966868906 | J79: 0987628622
A80: 75 | C80: Lê Thanh Tùng | D80: 40809 | E80: 10 Lý B | F80: Cô Minh | G80: Bình Dương-Phú Thọ | H80: 026211002525 | I80: 0343153844 | J80: 0329512555
A81: 76 | B81: 3.4 | C81: Trần Nguyên Long | D81: 40819 | E81: 10 Toán A | F81: Thầy Dũng | G81: Tiên Lữ-Phú Thọ | H81: 026211009718 | I81: 0868051562 | J81: 0388784204
A82: 77 | C82: Nguyễn Đức Giang | D82: 40713 | E82: 10 Toán A | F82: Thầy Dũng | G82: Phù Ninh-Phú Thọ | H82: 025211009630 | I82: 0387228468 | J82: 0944063099
A83: 78 | C83: Nguyễn Xuân Phúc | D83: 40882 | E83: 10 Toán B | F83: Cô Oanh | G83: Hùng Việt-Phú Thọ | I83: 0982663320 | J83: 0968256258
A84: 79 | C84: Lê Huy Hoàng | D84: 40686 | E84: 10 Toán B | F84: Cô Oanh | G84: Cẩm Khê-Phú Thọ | H84: 025211013232 | I84: 0365514410 | J84: 0986665864
A85: 80 | C85: Nguyễn Tuệ Lâm | D85: 40805 | E85: 10 Toán B | F85: Cô Oanh | G85: Cẩm Khê-Phú Thọ | H85: 025211012598 | I85: 0325627163 | J85: 0984363286
A86: 81 | C86: Nguyễn Sơn Tùng | D86: 40548 | E86: 10 Toán B | F86: Cô Oanh | G86: Cẩm Khê-Phú Thọ | H86: 025211013827 | I86: 0338018795 | J86: 0984413960
A87: 82 | B87: 3.6 | C87: Nguyễn Khánh Hoàng | D87: 40627 | E87: 10 Toán B | F87: Cô Oanh | G87: Lập Thạch-Phú Thọ | H87: 025211002526 | I87: 0349852211 | J87: 0386356614
A88: 83 | C88: Vũ Hoàng Bách | D88: 40770 | E88: 10 Toán B | F88: Cô Oanh | G88: Bình Phú- Phú Thọ | H88: 025211014573 | I88: 0346223638 | J88: 0396483348
A89: 84 | C89: Nguyễn Chí Thăng | D89: 40548 | E89: 10 Toán B | F89: Cô Oanh | G89: Thanh Sơn-Phú Thọ | H89: 025211001475 | I89: 0358503312 | J89: 0869056181
A90: 85 | C90: Nguyễn Việt Hưng | D90: 40805 | E90: 10 Lý A | F90: Thầy Giang | G90: Tam Nông-Phú Thọ | H90: 025211001509 | I90: 0343519229 | J90: 0369091009
A91: 86 | C91: Nguyễn Văn Thanh | D91: 40852 | E91: 10 Lý A | F91: Thầy Giang | G91: Hiền Lương-Phú Thọ | H91: 025211010439 | I91: 0986080833 | J91: 0973948896
A92: 87 | C92: Tạ Tuấn Tuệ | D92: 40709 | E92: 10 Lý A | F92: Thầy Giang | G92: Hạ Hòa-Phú Thọ | H92: 025211004937 | I92: 0989083357 | J92: 0382369939
A93: 88 | B93: 3.7 | C93: Nguyễn Tiến Đạt | D93: 40052 | E93: 12 Hóa A | F93: Cô Điêu Hoa | G93: TX Phú Thọ-Phú Thọ | H93: 025209004972 | I93: 0392334099 | J93: 0982065189
A94: 89 | C94: Nguyễn Xuân Hải | D94: 40026 | E94: 12 Toán A | F94: Thầy K.Minh | G94: TX Phú Thọ-Phú Thọ | H94: 025209012228 | I94: 0988049016 | J94: 0393991623
A95: 90 | C95: Nguyễn Duy Nam | D95: 39832 | E95: 12 Toán A | F95: Thầy K.Minh | G95: TX Phú Thọ-Phú Thọ | H95: 025209013286 | I95: 0398027981 | J95: 0359873912
A96: 91 | C96: Nguyễn Tuấn Hưng | D96: 40057 | E96: 12 Hóa B | F96: Cô P.Hương | G96: TX Phú Thọ-Phú Thọ | H96: 025209002556 | I96: 0824661005 | J96: 0916345186
A97: 92 | C97: Nguyễn Anh Tú | D97: 40142 | E97: 12 Tin | F97: Cô Thái | G97: Phù Ninh-Phú Thọ | H97: 025209002651 | I97: 0966560538 | J97: 0357123728
A98: 93 | C98: Lê Tiến Đạt | D98: 40012 | E98: 12 Toán C | F98: Cô Thu | G98: TX Phú Thọ-Phú Thọ | H98: 025209012472 | I98: 0374365117 | J98: 0989911135
A99: 94 | B99: 3.8 | C99: Phạm Thiên Vũ | D99: 39943 | E99: 12 Sử | F99: Cô Hằng | G99: Phù Ninh-Phú Thọ | H99: 025209001256 | I99: 0389882563 | J99: 0389181177
A100: 95 | C100: Phạm Quang Trường | D100: 40011 | E100: 12 Hóa A | F100: Cô Điêu Hoa | G100: Lâm Thao-Phú Thọ | H100: 025209007633 | I100: 0397277115 | J100: 0365483944
...

Sheet Khung_TieuChi_KPI
A1: KHUNG TIÊU CHÍ & BẢNG MÃ ĐIỂM KPI RÈN LUYỆN HỌC SINH
A2: Trường THPT Chuyên Hùng Vương — Áp dụng hàng ngày từ Thứ 2 đến Chủ Nhật (2026 - 2027)
A4: Mã Lỗi / C. | B4: Nhóm Tiêu Chí | C4: Nội Dung Tiêu Chí & Chỉ Số KPI Cốt Lõi | D4: Mức Điểm Cộng (+) | E4: Mức Điểm Trừ (-) | F4: Căn Cứ & Quy Định
A5: L01 | B5: Nhóm I: Thái độ & Kỷ cương | C5: Đi học muộn (sau 7h00 truy bài / sau 7h15 vào tiết 1) | E5: 1 | F5: Nội quy nhà trường; Khóa 5 cửa phụ Inox
A6: L02 | B6: Nhóm I: Thái độ & Kỷ cương | C6: Mặc sai đồng phục, không đeo thẻ học sinh, không đi giày/dép có quai | E6: 3 | F6: Nội quy trang phục học đường
A7: L03 | B7: Nhóm I: Thái độ & Kỷ cương | C7: Gửi xe sai vị trí nhà xe quy định (HS KTX không gửi xe ở sân KTX) | E7: 3 | F7: Nội quy nhà xe & phân luồng khối
A8: L04 | B8: Nhóm I: Thái độ & Kỷ cương | C8: Ăn vặt trong lớp học, vừa đi vừa ăn trong sân trường / Đến canteen giờ học | E8: 3 | F8: Nội quy vệ sinh & văn hóa ứng xử
A9: L05 | B9: Nhóm III: Kỹ năng & KTX | C9: Sử dụng điện thoại/thiết bị điện tử trong giờ học khi chưa có phép GV | E9: 5 | F9: Thông tư 15/2026/TT-BGDĐT; Nội quy
A10: L06 | B10: Nhóm III: Kỹ năng & KTX | C10: Không tắt đèn, quạt, bảng tương tác, điều hòa khi kết thúc buổi học | E10: 5 | F10: Nội quy tiết kiệm năng lượng & tài sản
A11: L07 | B11: Nhóm III: Kỹ năng & KTX | C11: Vi phạm KTX: Treo ri-đô, đồ đạc bừa bãi ngoài hành lang, mất vệ sinh WC/phòng | E11: 3 | F11: Nội quy KTX tòa nhà A (Chốt 7h15)
A12: L08 | B12: Nhóm I: Thái độ & Kỷ cương | C12: Mất trật tự trong giờ học, ứng xử thiếu văn hóa, nói tục chửi thề | E12: 3 | F12: Quy tắc ứng xử học đường
A13: L09 | B13: Nhóm II: Học tập & Liêm chính | C13: Gian lận trong kiểm tra/thi cử, lạm dụng AI làm bài thay (Vi phạm nghiêm trọng) | E13: 10 | F13: Chương trình liêm chính GD 2026; TT 22
A14: L10 | B14: Nhóm I: Thái độ & Kỷ cương | C14: Hút thuốc lá, thuốc lá điện tử, mang chất cấm (Trực tiếp xếp Chưa đạt) | E14: 20 | F14: Quy định cấm thuốc lá học đường
A15: C01 | B15: Điểm Thưởng | C15: Đạt giải HSG các cấp, NCKH, đóng góp tích cực cho CLB / Trường học hạnh phúc | D15: 5 | F15: Quy chế thi đua khen thưởng
A16: C02 | B16: Điểm Thưởng | C16: Gương người tốt việc tốt, nhặt được của rơi trả lại, hỗ trợ bạn học | D16: 3 | F16: Phong trào thi đua Đoàn trường
A17: C03 | B17: Điểm Thưởng | C17: Trực tuần xuất sắc, vệ sinh lớp sạch đẹp toàn diện trong tuần | D17: 2 | F17: Đánh giá Đội Cờ đỏ / Thanh tra

Sheet NhatKy_ViPham
A1: SỔ NHẬT KÝ GHI NHẬN VI PHẠM & ĐIỂM CỘNG HÀNG NGÀY (CHIA THEO LỚP)
A2: Thời gian: Từ Thứ 2 đến Chủ Nhật (07/09/2026 - 30/05/2027) | Áp dụng 54 Lớp THPT Chuyên Hùng Vương
A4: STT | B4: Ngày Ghi Nhận (DD/MM/YYYY) | C4: Tuần Học (T1 - T35) | D4: Thứ (Thứ 2 - CN) | E4: Mã Lớp | F4: Họ và tên Học sinh | G4: Nhóm Tiêu Chí KPI | H4: Mã Lỗi / C. | I4: Mô Tả Chi Tiết Hành Vi Vi Phạm / Điểm Thưởng | J4: Điểm Cộng (+) | K4: Điểm Trừ (-) | L4: Người Ghi Nhận (Cờ đỏ/Bí thư/Bảo vệ) | M4: Xác Nhận Ban NN / GVCN
A5: 1 | B5: 07/09/2026 | C5: T1 | D5: Thứ 2 | E5: 10_Toan_A | F5: Nguyễn Ngọc Lan Anh | G5: Nhóm I: Thái độ & Kỷ cương | H5: L01 | I5: Đi học muộn 7h10 do tắc đường | J5: 0 | K5: 30 | L5: Đội Cờ đỏ - Chốt Cửa chính | M5: Đã xác nhận
A6: 2 | B6: 08/09/2026 | C6: T1 | D6: Thứ 3 | E6: 10_Toan_A | F6: Chu Ngọc Ánh | G6: Nhóm III: Kỹ năng & KTX | H6: L05 | I6: Sử dụng điện thoại cá nhân trong giờ Toán | J6: 0 | K6: 5 | L6: GV Bùi Văn Bình | M6: Đã xác nhận
A7: 3 | B7: 09/09/2026 | C7: T1 | D7: Thứ 4 | E7: 10_Toan_B | F7: Đỗ Minh An | G7: Nhóm I: Thái độ & Kỷ cương | H7: L03 | I7: Gửi xe máy điện sai khu vực nhà xe Khối 10 | J7: 0 | K7: 80 | L7: Bảo vệ cổng chính | M7: Đã xác nhận
A8: 4 | B8: 10/09/2026 | C8: T1 | D8: Thứ 5 | E8: 10_Ly_A | F8: Đào Hoàng An | G8: Nhóm III: Kỹ năng & KTX | H8: L07 | I8: Học sinh KTX treo ri-đô và để đồ bừa bãi hành lang | J8: 0 | K8: 3 | L8: Quản sinh KTX Tòa A | M8: Đã xác nhận
A9: 5 | B9: 11/09/2026 | C9: T1 | D9: Thứ 6 | E9: 11_Toan_A | F9: Nguyễn Tuấn Anh | G9: Nhóm I: Thái độ & Kỷ cương | H9: L02 | I9: Mặc áo phông không đúng đồng phục trường | J9: 0 | K9: 50 | L9: Bí thư Chi đoàn K11 | M9: Đã xác nhận
A10: 6 | B10: 12/09/2026 | C10: T1 | D10: Thứ 7 | E10: 12_Toan_A | F10: Nguyễn Hoàng An | G10: Điểm Thưởng | H10: C01 | I10: Đạt giải Nhất kỳ thi HSG cấp Tỉnh môn Toán | J10: 5 | K10: 80 | L10: Ban Thi đua Đoàn trường | M10: Đã xác nhận
A11: 7 | B11: 14/09/2026 | C11: T2 | D11: Thứ 2 | E11: 10_Toan_A | F11: Nguyễn Hoàng Bách | G11: Nhóm III: Kỹ năng & KTX | H11: L06 | I11: Quên không tắt quạt và bảng tương tác khi ra về | J11: 0 | K11: 5 | L11: Đội Cờ đỏ trực tuần | M11: Đã xác nhận
A12: 8 | B12: 15/09/2026 | C12: T2 | D12: Thứ 3 | E12: 11_Toan_B | F12: Lê Khánh An | G12: Nhóm II: Học tập & Liêm chính | H12: L09 | I12: Sử dụng tài liệu trong giờ kiểm tra 1 tiết | J12: 0 | K12: 10 | L12: GVCN lớp 11 Toán B | M12: Đã xác nhận
A13: 9 | B13: 16/09/2026 | C13: T2 | D13: Thứ 4 | E13: 10_Toan_A | F13: Nguyễn Ngọc Lan Anh | G13: Nhóm II: Học tập & Liêm chính | H13: L05 | I13: Sử dụng tài liệu trong giờ kiểm tra 1 tiết | K13: 30 | L13: GVCN lớp 11 Toán B | M13: Đã xác nhận
A14: 10 | B14: 16/09/2026 | C14: T2 | D14: THỨ 2 | E14: 10_Toan_B | F14: Đỗ Anh Dũng | G14: Nhóm III: Kỹ năng & KTX | H14: L05 | I14: Sử dụng tài liệu trong giờ kiểm tra 1 tiết | J14: 0 | K14: 80 | L14: GVCN lớp 11 Toán B | M14: Đã xác nhận
A15: 11 | M15: Đã xác nhận
A16: 12 | M16: Đã xác nhận
A17: 13 | M17: Đã xác nhận
A18: 14 | M18: Đã xác nhận
A19: 15 | M19: Đã xác nhận
A20: 16 | M20: Đã xác nhận
A21: 17
A22: 18
A23: 19
A24: 20
A25: 21
A26: 22
A27: 23
A28: 24
A29: 25
A30: 26
A31: 27
A32: 28
... A212: 208

Sheet TongHop_54_Lop
A1: BẢNG TỔNG HỢP THI ĐỦA RÈN LUYỆN 54 LỚP — THPT CHUYÊN HÙNG VƯƠNG
A2: Năm học 2026 - 2027 | Tự động tổng hợp kết quả KPI từ 54 lớp chuyên
A4: STT | B4: Mã Lớp | C4: Tên Lớp Chuyên | D4: Khối Lớp | E4: Giáo Viên Chủ Nhiệm | F4: Sĩ Số | G4: Tỷ Lệ TỐT (%) | H4: Tỷ Lệ KHÁ (%) | I4: Tỷ Lệ ĐẠT (%) | J4: Tỷ Lệ CHƯA ĐẠT (%) | K4: Điểm KPI TB Cả Năm | L4: Xếp Danh Hiệu Thi Đua Tập Thể
A5: 1 | B5: 10_Toan_A | C5: Lớp 10 TOAN A | D5: Khối 10 | E5: Triệu Văn Dũng | F5: ='10_Toan_A'!A5 -> 35 | G5: ='10_Toan_A'!C5/'10_Toan_A'!A5 -> 1 | H5: ='10_Toan_A'!E5/'10_Toan_A'!A5 -> 0 | I5: ='10_Toan_A'!G5/'10_Toan_A'!A5 -> 0 | J5: ='10_Toan_A'!I5/'10_Toan_A'!A5 -> 0 | K5: ='10_Toan_A'!K5 -> 99.9 | L5: =IF(K5>=90, "Tập thể Xuất sắc", IF(K5>=80, "Tập thể Tiên tiến", "Cần phấn đấu")) -> Tập thể Xuất sắc
A6: 2 | B6: 10_Toan_B | C6: Lớp 10 TOAN B | D6: Khối 10 | E6: Đoàn Thị Lan Oanh | F6: ='10_Toan_B'!A5 -> 35 | G6: ='10_Toan_B'!C5/'10_Toan_B'!A5 -> 1 | H6: ='10_Toan_B'!E5/'10_Toan_B'!A5 -> 0 | I6: ='10_Toan_B'!G5/'10_Toan_B'!A5 -> 0 | J6: ='10_Toan_B'!I5/'10_Toan_B'!A5 -> 0 | K6: ='10_Toan_B'!K5 -> 99.9 | L6: =IF(K6>=90, "Tập thể Xuất sắc", IF(K6>=80, "Tập thể Tiên tiến", "Cần phấn đấu")) -> Tập thể Xuất sắc
A7: 3 | B7: 10_Ly_A | C7: Lớp 10 LY A | D7: Khối 10 | E7: Bùi Hữu Giang | F7: ='10_Ly_A'!A5 -> 35 | G7: ='10_Ly_A'!C5/'10_Ly_A'!A5 -> 1 | H7: ='10_Ly_A'!E5/'10_Ly_A'!A5 -> 0 | I7: ='10_Ly_A'!G5/'10_Ly_A'!A5 -> 0 | J7: ='10_Ly_A'!I5/'10_Ly_A'!A5 -> 0 | K7: ='10_Ly_A'!K5 -> 100 | L7: =IF(K7>=90, "Tập thể Xuất sắc", IF(K7>=80, "Tập thể Tiên tiến", "Cần phấn đấu")) -> Tập thể Xuất sắc
A8: 4 | B8: 10_Ly_B | C8: Lớp 10 LY B | D8: Khối 10 | E8: Đỗ Thị Tuấn Minh | F8: ='10_Ly_B'!A5 -> 35 | G8: ='10_Ly_B'!C5/'10_Ly_B'!A5 -> 1 | H8: ='10_Ly_B'!E5/'10_Ly_B'!A5 -> 0 | I8: ='10_Ly_B'!G5/'10_Ly_B'!A5 -> 0 | J8: ='10_Ly_B'!I5/'10_Ly_B'!A5 -> 0 | K8: ='10_Ly_B'!K5 -> 100 | L8: =IF(K8>=90, "Tập thể Xuất sắc", IF(K8>=80, "Tập thể Tiên tiến", "Cần phấn đấu")) -> Tập thể Xuất sắc
A9: 5 | B9: 10_Hoa_A | C9: Lớp 10 HOA A | D9: Khối 10 | E9: Dương Thị Thu Hương | F9: ='10_Hoa_A'!A5 -> 35 | G9: ='10_Hoa_A'!C5/'10_Hoa_A'!A5 -> 1 | H9: ='10_Hoa_A'!E5/'10_Hoa_A'!A5 -> 0 | I9: ='10_Hoa_A'!G5/'10_Hoa_A'!A5 -> 0 | J9: ='10_Hoa_A'!I5/'10_Hoa_A'!A5 -> 0 | K9: ='10_Hoa_A'!K5 -> 100 | L9: =IF(K9>=90, "Tập thể Xuất sắc", IF(K9>=80, "Tập thể Tiên tiến", "Cần phấn đấu")) -> Tập thể Xuất sắc
A10: 6 | B10: 10_Hoa_B | C10: Lớp 10 HOA B | D10: Khối 10 | E10: Nguyễn Thị Việt Hương | F10: ='10_Hoa_B'!A5 -> 35 | G10: ='10_Hoa_B'!C5/'10_Hoa_B'!A5 -> 1 | H10: ='10_Hoa_B'!E5/'10_Hoa_B'!A5 -> 0 | I10: ='10_Hoa_B'!G5/'10_Hoa_B'!A5 -> 0 | J10: ='10_Hoa_B'!I5/'10_Hoa_B'!A5 -> 0 | K10: ='10_Hoa_B'!K5 -> 100 | L10: =IF(K10>=90, "Tập thể Xuất sắc", IF(K10>=80, "Tập thể Tiên tiến", "Cần phấn đấu")) -> Tập thể Xuất sắc
A11: 7 | B11: 10_Sinh | C11: Lớp 10 SINH | D11: Khối 10 | E11: Nguyễn Thị Kim Ngọc | F11: ='10_Sinh'!A5 -> 35 | G11: ='10_Sinh'!C5/'10_Sinh'!A5 -> 1 | H11: ='10_Sinh'!E5/'10_Sinh'!A5 -> 0 | I11: ='10_Sinh'!G5/'10_Sinh'!A5 -> 0 | J11: ='10_Sinh'!I5/'10_Sinh'!A5 -> 0 | K11: ='10_Sinh'!K5 -> 100 | L11: =IF(K11>=90, "Tập thể Xuất sắc", IF(K11>=80, "Tập thể Tiên tiến", "Cần phấn đấu")) -> Tập thể Xuất sắc
A12: 8 | B12: 10_Tin_A | C12: Lớp 10 TIN A | D12: Khối 10 | E12: Đinh Thái Sơn | F12: ='10_Tin_A'!A5 -> 34 | G12: ='10_Tin_A'!C5/'10_Tin_A'!A5 -> 1 | H12: ='10_Tin_A'!E5/'10_Tin_A'!A5 -> 0 | I12: ='10_Tin_A'!G5/'10_Tin_A'!A5 -> 0 | J12: ='10_Tin_A'!I5/'10_Tin_A'!A5 -> 0 | K12: ='10_Tin_A'!K5 -> 100 | L12: =IF(K12>=90, "Tập thể Xuất sắc", IF(K12>=80, "Tập thể Tiên tiến", "Cần phấn đấu")) -> Tập thể Xuất sắc
A13: 9 | B13: 10_Tin_B | C13: Lớp 10 TIN B | D13: Khối 10 | E13: Nguyễn Tiến Cường | F13: ='10_Tin_B'!A5 -> 35 | G13: ='10_Tin_B'!C5/'10_Tin_B'!A5 -> 1 | H13: ='10_Tin_B'!E5/'10_Tin_B'!A5 -> 0 | I13: ='10_Tin_B'!G5/'10_Tin_B'!A5 -> 0 | J13: ='10_Tin_B'!I5/'10_Tin_B'!A5 -> 0 | K13: ='10_Tin_B'!K5 -> 100 | L13: =IF(K13>=90, "Tập thể Xuất sắc", IF(K13>=80, "Tập thể Tiên tiến", "Cần phấn đấu")) -> Tập thể Xuất sắc
A14: 10 | B14: 10_Van_A | C14: Lớp 10 VAN A | D14: Khối 10 | E14: Nguyễn Thanh Xuân | F14: ='10_Van_A'!A5 -> 35 | G14: ='10_Van_A'!C5/'10_Van_A'!A5 -> 1 | H14: ='10_Van_A'!E5/'10_Van_A'!A5 -> 0 | I14: ='10_Van_A'!G5/'10_Van_A'!A5 -> 0 | J14: ='10_Van_A'!I5/'10_Van_A'!A5 -> 0 | K14: ='10_Van_A'!K5 -> 100 | L14: =IF(K14>=90, "Tập thể Xuất sắc", IF(K14>=80, "Tập thể Tiên tiến", "Cần phấn đấu")) -> Tập thể Xuất sắc
A15: 11 | B15: 10_Van_B | C15: Lớp 10 VAN B | D15: Khối 10 | E15: Nguyễn Phương Hạnh | F15: ='10_Van_B'!A5 -> 35 | G15: ='10_Van_B'!C5/'10_Van_B'!A5 -> 1 | H15: ='10_Van_B'!E5/'10_Van_B'!A5 -> 0 | I15: ='10_Van_B'!G5/'10_Van_B'!A5 -> 0 | J15: ='10_Van_B'!I5/'10_Van_B'!A5 -> 0 | K15: ='10_Van_B'!K5 -> 100 | L15: =IF(K15>=90, "Tập thể Xuất sắc", IF(K15>=80, "Tập thể Tiên tiến", "Cần phấn đấu")) -> Tập thể Xuất sắc
A16: 12 | B16: 10_Su | C16: Lớp 10 SU | D16: Khối 10 | E16: Trần Đức Thắng | F16: ='10_Su'!A5 -> 35 | G16: ='10_Su'!C5/'10_Su'!A5 -> 1 | H16: ='10_Su'!E5/'10_Su'!A5 -> 0 | I16: ='10_Su'!G5/'10_Su'!A5 -> 0 | J16: ='10_Su'!I5/'10_Su'!A5 -> 0 | K16: ='10_Su'!K5 -> 100 | L16: =IF(K16>=90, "Tập thể Xuất sắc", IF(K16>=80, "Tập thể Tiên tiến", "Cần phấn đấu")) -> Tập thể Xuất sắc
A17: 13 | B17: 10_Dia | C17: Lớp 10 DIA | D17: Khối 10 | E17: Vi Thị Thúy Phượng | F17: ='10_Dia'!A5 -> 35 | G17: ='10_Dia'!C5/'10_Dia'!A5 -> 1 | H17: ='10_Dia'!E5/'10_Dia'!A5 -> 0 | I17: ='10_Dia'!G5/'10_Dia'!A5 -> 0 | J17: ='10_Dia'!I5/'10_Dia'!A5 -> 0 | K17: ='10_Dia'!K5 -> 100 | L17: =IF(K17>=90, "Tập thể Xuất sắc", IF(K17>=80, "Tập thể Tiên tiến", "Cần phấn đấu")) -> Tập thể Xuất sắc
A18: 14 | B18: 10_Anh | C18: Lớp 10 ANH | D18: Khối 10 | E18: Nguyễn Thị Bích Huệ | F18: ='10_Anh'!A5 -> 35 | G18: ='10_Anh'!C5/'10_Anh'!A5 -> 1 | H18: ='10_Anh'!E5/'10_Anh'!A5 -> 0 | I18: ='10_Anh'!G5/'10_Anh'!A5 -> 0 | J18: ='10_Anh'!I5/'10_Anh'!A5 -> 0 | K18: ='10_Anh'!K5 -> 100 | L18: =IF(K18>=90, "Tập thể Xuất sắc", IF(K18>=80, "Tập thể Tiên tiến", "Cần phấn đấu")) -> Tập thể Xuất sắc
A19: 15 | B19: 10_Phap | C19: Lớp 10 PHAP | D19: Khối 10 | E19: Nguyễn Văn Chính | F19: ='10_Phap'!A5 -> 35 | G19: ='10_Phap'!C5/'10_Phap'!A5 -> 1 | H19: ='10_Phap'!E5/'10_Phap'!A5 -> 0 | I19: ='10_Phap'!G5/'10_Phap'!A5 -> 0 | J19: ='10_Phap'!I5/'10_Phap'!A5 -> 0 | K19: ='10_Phap'!K5 -> 100 | L19: =IF(K19>=90, "Tập thể Xuất sắc", IF(K19>=80, "Tập thể Tiên tiến", "Cần phấn đấu")) -> Tập thể Xuất sắc
A20: 16 | B20: 10_Trung | C20: Lớp 10 TRUNG | D20: Khối 10 | E20: Nguyễn Thị Thanh Hải | F20: ='10_Trung'!A5 -> 35 | G20: ='10_Trung'!C5/'10_Trung'!A5 -> 1 | H20: ='10_Trung'!E5/'10_Trung'!A5 -> 0 | I20: ='10_Trung'!G5/'10_Trung'!A5 -> 0 | J20: ='10_Trung'!I5/'10_Trung'!A5 -> 0 | K20: ='10_Trung'!K5 -> 100 | L20: =IF(K20>=90, "Tập thể Xuất sắc", IF(K20>=80, "Tập thể Tiên tiến", "Cần phấn đấu")) -> Tập thể Xuất sắc
A21: 17 | B21: 10_Han | C21: Lớp 10 HAN | D21: Khối 10 | E21: Trần Thị Kim Diên | F21: ='10_Han'!A5 -> 35 | G21: ='10_Han'!C5/'10_Han'!A5 -> 1 | H21: ='10_Han'!E5/'10_Han'!A5 -> 0 | I21: ='10_Han'!G5/'10_Han'!A5 -> 0 | J21: ='10_Han'!I5/'10_Han'!A5 -> 0 | K21: ='10_Han'!K5 -> 100 | L21: =IF(K21>=90, "Tập thể Xuất sắc", IF(K21>=80, "Tập thể Tiên tiến", "Cần phấn đấu")) -> Tập thể Xuất sắc
A22: 18 | B22: 11_Toan_A | C22: Lớp 11 TOAN A | D22: Khối 11 | E22: Vũ Hồng Sơn | F22: ='11_Toan_A'!A5 -> 35 | G22: ='11_Toan_A'!C5/'11_Toan_A'!A5 -> 1 | H22: ='11_Toan_A'!E5/'11_Toan_A'!A5 -> 0 | I22: ='11_Toan_A'!G5/'11_Toan_A'!A5 -> 0 | J22: ='11_Toan_A'!I5/'11_Toan_A'!A5 -> 0 | K22: ='11_Toan_A'!K5 -> 100 | L22: =IF(K22>=90, "Tập thể Xuất sắc", IF(K22>=80, "Tập thể Tiên tiến", "Cần phấn đấu")) -> Tập thể Xuất sắc
A23: 19 | B23: 11_Toan_B | C23: Lớp 11 TOAN B | D23: Khối 11 | E23: Phạm Thị Thu Hiền | F23: ='11_Toan_B'!A5 -> 35 | G23: ='11_Toan_B'!C5/'11_Toan_B'!A5 -> 1 | H23: ='11_Toan_B'!E5/'11_Toan_B'!A5 -> 0 | I23: ='11_Toan_B'!G5/'11_Toan_B'!A5 -> 0 | J23: ='11_Toan_B'!I5/'11_Toan_B'!A5 -> 0 | K23: ='11_Toan_B'!K5 -> 100 | L23: =IF(K23>=90, "Tập thể Xuất sắc", IF(K23>=80, "Tập thể Tiên tiến", "Cần phấn đấu")) -> Tập thể Xuất sắc
A24: 20 | B24: 11_Toan_C | C24: Lớp 11 TOAN C | D24: Khối 11 | E24: Lê Thị Thu Phương | F24: ='11_Toan_C'!A5 -> 35 | G24: ='11_Toan_C'!C5/'11_Toan_C'!A5 -> 1 | H24: ='11_Toan_C'!E5/'11_Toan_C'!A5 -> 0 | I24: ='11_Toan_C'!G5/'11_Toan_C'!A5 -> 0 | J24: ='11_Toan_C'!I5/'11_Toan_C'!A5 -> 0 | K24: ='11_Toan_C'!K5 -> 100 | L24: =IF(K24>=90, "Tập thể Xuất sắc", IF(K24>=80, "Tập thể Tiên tiến", "Cần phấn đấu")) -> Tập thể Xuất sắc
A25: 21 | B25: 11_Ly_A | C25: Lớp 11 LY A | D25: Khối 11 | E25: Cao Huy Phương | F25: ='11_Ly_A'!A5 -> 35 | G25: ='11_Ly_A'!C5/'11_Ly_A'!A5 -> 1 | H25: ='11_Ly_A'!E5/'11_Ly_A'!A5 -> 0 | I25: ='11_Ly_A'!G5/'11_Ly_A'!A5 -> 0 | J25: ='11_Ly_A'!I5/'11_Ly_A'!A5 -> 0 | K25: ='11_Ly_A'!K5 -> 100 | L25: =IF(K25>=90, "Tập thể Xuất sắc", IF(K25>=80, "Tập thể Tiên tiến", "Cần phấn đấu")) -> Tập thể Xuất sắc
A26: 22 | B26: 11_Ly_B | C26: Lớp 11 LY B | D26: Khối 11 | E26: Phạm Thị Minh Phương | F26: ='11_Ly_B'!A5 -> 35 | G26: ='11_Ly_B'!C5/'11_Ly_B'!A5 -> 1 | H26: ='11_Ly_B'!E5/'11_Ly_B'!A5 -> 0 | I26: ='11_Ly_B'!G5/'11_Ly_B'!A5 -> 0 | J26: ='11_Ly_B'!I5/'11_Ly_B'!A5 -> 0 | K26: ='11_Ly_B'!K5 -> 100 | L26: =IF(K26>=90, "Tập thể Xuất sắc", IF(K26>=80, "Tập thể Tiên tiến", "Cần phấn đấu")) -> Tập thể Xuất sắc
A27: 23 | B27: 11_Hoa_A | C27: Lớp 11 HOA A | D27: Khối 11 | E27: Trần Thanh Tuấn | F27: ='11_Hoa_A'!A5 -> 35 | G27: ='11_Hoa_A'!C5/'11_Hoa_A'!A5 -> 1 | H27: ='11_Hoa_A'!E5/'11_Hoa_A'!A5 -> 0 | I27: ='11_Hoa_A'!G5/'11_Hoa_A'!A5 -> 0 | J27: ='11_Hoa_A'!I5/'11_Hoa_A'!A5 -> 0 | K27: ='11_Hoa_A'!K5 -> 100 | L27: =IF(K27>=90, "Tập thể Xuất sắc", IF(K27>=80, "Tập thể Tiên tiến", "Cần phấn đấu")) -> Tập thể Xuất sắc
A28: 24 | B28: 11_Hoa_B | C28: Lớp 11 HOA B | D28: Khối 11 | E28: Lê Thị Minh Hằng | F28: ='11_Hoa_B'!A5 -> 35 | G28: ='11_Hoa_B'!C5/'11_Hoa_B'!A5 -> 1 | H28: ='11_Hoa_B'!E5/'11_Hoa_B'!A5 -> 0 | I28: ='11_Hoa_B'!G5/'11_Hoa_B'!A5 -> 0 | J28: ='11_Hoa_B'!I5/'11_Hoa_B'!A5 -> 0 | K28: ='11_Hoa_B'!K5 -> 100 | L28: =IF(K28>=90, "Tập thể Xuất sắc", IF(K28>=80, "Tập thể Tiên tiến", "Cần phấn đấu")) -> Tập thể Xuất sắc
A29: 25 | B29: 11_Sinh | C29: Lớp 11 SINH | D29: Khối 11 | E29: Phan Thị Hương Sen | F29: ='11_Sinh'!A5 -> 35 | G29: ='11_Sinh'!C5/'11_Sinh'!A5 -> 1 | H29: ='11_Sinh'!E5/'11_Sinh'!A5 -> 0 | I29: ='11_Sinh'!G5/'11_Sinh'!A5 -> 0 | J29: ='11_Sinh'!I5/'11_Sinh'!A5 -> 0 | K29: ='11_Sinh'!K5 -> 100 | L29: =IF(K29>=90, "Tập thể Xuất sắc", IF(K29>=80, "Tập thể Tiên tiến", "Cần phấn đấu")) -> Tập thể Xuất sắc
A30: 26 | B30: 11_Tin | C30: Lớp 11 TIN | D30: Khối 11 | E30: Lê Thị Thu Hà | F30: ='11_Tin'!A5 -> 36 | G30: ='11_Tin'!C5/'11_Tin'!A5 -> 1 | H30: ='11_Tin'!E5/'11_Tin'!A5 -> 0 | I30: ='11_Tin'!G5/'11_Tin'!A5 -> 0 | J30: ='11_Tin'!I5/'11_Tin'!A5 -> 0 | K30: ='11_Tin'!K5 -> 100 | L30: =IF(K30>=90, "Tập thể Xuất sắc", IF(K30>=80, "Tập thể Tiên tiến", "Cần phấn đấu")) -> Tập thể Xuất sắc
A31: 27 | B31: 11_Van_A | C31: Lớp 11 VAN A | D31: Khối 11 | E31: Phạm Thùy Dương | F31: ='11_Van_A'!A5 -> 35 | G31: ='11_Van_A'!C5/'11_Van_A'!A5 -> 1 | H31: ='11_Van_A'!E5/'11_Van_A'!A5 -> 0 | I31: ='11_Van_A'!G5/'11_Van_A'!A5 -> 0 | J31: ='11_Van_A'!I5/'11_Van_A'!A5 -> 0 | K31: ='11_Van_A'!K5 -> 100 | L31: =IF(K31>=90, "Tập thể Xuất sắc", IF(K31>=80, "Tập thể Tiên tiến", "Cần phấn đấu")) -> Tập thể Xuất sắc
A32: 28 | B32: 11_Van_B | C32: Lớp 11 VAN B | D32: Khối 11 | E32: Phạm Thị Hồng Giang | F32: ='11_Van_B'!A5 -> 34 | G32: ='11_Van_B'!C5/'11_Van_B'!A5 -> 1 | H32: ='11_Van_B'!E5/'11_Van_B'!A5 -> 0 | I32: ='11_Van_B'!G5/'11_Van_B'!A5 -> 0 | J32: ='11_Van_B'!I5/'11_Van_B'!A5 -> 0 | K32: ='11_Van_B'!K5 -> 100 | L32: =IF(K32>=90, "Tập thể Xuất sắc", IF(K32>=80, "Tập thể Tiên tiến", "Cần phấn đấu")) -> Tập thể Xuất sắc
A33: 29 | B33: 11_Su | C33: Lớp 11 SU | D33: Khối 11 | E33: Bùi Xuân Nhật | F33: ='11_Su'!A5 -> 35 | G33: ='11_Su'!C5/'11_Su'!A5 -> 1 | H33: ='11_Su'!E5/'11_Su'!A5 -> 0 | I33: ='11_Su'!G5/'11_Su'!A5 -> 0 | J33: ='11_Su'!I5/'11_Su'!A5 -> 0 | K33: ='11_Su'!K5 -> 100 | L33: =IF(K33>=90, "Tập thể Xuất sắc", IF(K33>=80, "Tập thể Tiên tiến", "Cần phấn đấu")) -> Tập thể Xuất sắc
A34: 30 | B34: 11_Dia | C34: Lớp 11 DIA | D34: Khối 11 | E34: Đinh Phương Liên | F34: ='11_Dia'!A5 -> 34 | G34: ='11_Dia'!C5/'11_Dia'!A5 -> 1 | H34: ='11_Dia'!E5/'11_Dia'!A5 -> 0 | I34: ='11_Dia'!G5/'11_Dia'!A5 -> 0 | J34: ='11_Dia'!I5/'11_Dia'!A5 -> 0 | K34: ='11_Dia'!K5 -> 100 | L34: =IF(K34>=90, "Tập thể Xuất sắc", IF(K34>=80, "Tập thể Tiên tiến", "Cần phấn đấu")) -> Tập thể Xuất sắc
A35: 31 | B35: 11_Anh_A | C35: Lớp 11 ANH A | D35: Khối 11 | E35: Phạm Ngọc Hân | F35: ='11_Anh_A'!A5 -> 35 | G35: ='11_Anh_A'!C5/'11_Anh_A'!A5 -> 1 | H35: ='11_Anh_A'!E5/'11_Anh_A'!A5 -> 0 | I35: ='11_Anh_A'!G5/'11_Anh_A'!A5 -> 0 | J35: ='11_Anh_A'!I5/'11_Anh_A'!A5 -> 0 | K35: ='11_Anh_A'!K5 -> 100 | L35: =IF(K35>=90, "Tập thể Xuất sắc", IF(K35>=80, "Tập thể Tiên tiến", "Cần phấn đấu")) -> Tập thể Xuất sắc
A36: 32 | B36: 11_Anh_B | C36: Lớp 11 ANH B | D36: Khối 11 | E36: Đào Thị Mai Hoa | F36: ='11_Anh_B'!A5 -> 36 | G36: ='11_Anh_B'!C5/'11_Anh_B'!A5 -> 1 | H36: ='11_Anh_B'!E5/'11_Anh_B'!A5 -> 0 | I36: ='11_Anh_B'!G5/'11_Anh_B'!A5 -> 0 | J36: ='11_Anh_B'!I5/'11_Anh_B'!A5 -> 0 | K36: ='11_Anh_B'!K5 -> 100 | L36: =IF(K36>=90, "Tập thể Xuất sắc", IF(K36>=80, "Tập thể Tiên tiến", "Cần phấn đấu")) -> Tập thể Xuất sắc
A37: 33 | B37: 11_Anh_C | C37: Lớp 11 ANH C | D37: Khối 11 | E37: Trần Thị Thu Hồi | F37: ='11_Anh_C'!A5 -> 35 | G37: ='11_Anh_C'!C5/'11_Anh_C'!A5 -> 1 | H37: ='11_Anh_C'!E5/'11_Anh_C'!A5 -> 0 | I37: ='11_Anh_C'!G5/'11_Anh_C'!A5 -> 0 | J37: ='11_Anh_C'!I5/'11_Anh_C'!A5 -> 0 | K37: ='11_Anh_C'!K5 -> 100 | L37: =IF(K37>=90, "Tập thể Xuất sắc", IF(K37>=80, "Tập thể Tiên tiến", "Cần phấn đấu")) -> Tập thể Xuất sắc
A38: 34 | B38: 11_Phap | C38: Lớp 11 PHAP | D38: Khối 11 | E38: Đỗ Hồng Minh | F38: ='11_Phap'!A5 -> 36 | G38: ='11_Phap'!C5/'11_Phap'!A5 -> 1 | H38: ='11_Phap'!E5/'11_Phap'!A5 -> 0 | I38: ='11_Phap'!G5/'11_Phap'!A5 -> 0 | J38: ='11_Phap'!I5/'11_Phap'!A5 -> 0 | K38: ='11_Phap'!K5 -> 100 | L38: =IF(K38>=90, "Tập thể Xuất sắc", IF(K38>=80, "Tập thể Tiên tiến", "Cần phấn đấu")) -> Tập thể Xuất sắc
A39: 35 | B39: 12_Toan_A | C39: Lớp 12 TOAN A | D39: Khối 12 | E39: Kiều Đình Minh | F39: ='12_Toan_A'!A5 -> 35 | G39: ='12_Toan_A'!C5/'12_Toan_A'!A5 -> 1 | H39: ='12_Toan_A'!E5/'12_Toan_A'!A5 -> 0 | I39: ='12_Toan_A'!G5/'12_Toan_A'!A5 -> 0 | J39: ='12_Toan_A'!I5/'12_Toan_A'!A5 -> 0 | K39: ='12_Toan_A'!K5 -> 100 | L39: =IF(K39>=90, "Tập thể Xuất sắc", IF(K39>=80, "Tập thể Tiên tiến", "Cần phấn đấu")) -> Tập thể Xuất sắc
A40: 36 | B40: 12_Toan_B | C40: Lớp 12 TOAN B | D40: Khối 12 | E40: Hoàng Xuân Việt | F40: ='12_Toan_B'!A5 -> 35 | G40: ='12_Toan_B'!C5/'12_Toan_B'!A5 -> 1 | H40: ='12_Toan_B'!E5/'12_Toan_B'!A5 -> 0 | I40: ='12_Toan_B'!G5/'12_Toan_B'!A5 -> 0 | J40: ='12_Toan_B'!I5/'12_Toan_B'!A5 -> 0 | K40: ='12_Toan_B'!K5 -> 100 | L40: =IF(K40>=90, "Tập thể Xuất sắc", IF(K40>=80, "Tập thể Tiên tiến", "Cần phấn đấu")) -> Tập thể Xuất sắc
A41: 37 | B41: 12_Toan_C | C41: Lớp 12 TOAN C | D41: Khối 12 | E41: Trần Hoài Thu | F41: ='12_Toan_C'!A5 -> 35 | G41: ='12_Toan_C'!C5/'12_Toan_C'!A5 -> 1 | H41: ='12_Toan_C'!E5/'12_Toan_C'!A5 -> 0 | I41: ='12_Toan_C'!G5/'12_Toan_C'!A5 -> 0 | J41: ='12_Toan_C'!I5/'12_Toan_C'!A5 -> 0 | K41: ='12_Toan_C'!K5 -> 100 | L41: =IF(K41>=90, "Tập thể Xuất sắc", IF(K41>=80, "Tập thể Tiên tiến", "Cần phấn đấu")) -> Tập thể Xuất sắc
A42: 38 | B42: 12_Ly_A | C42: Lớp 12 LY A | D42: Khối 12 | E42: Thân Thị Thanh Bình | F42: ='12_Ly_A'!A5 -> 34 | G42: ='12_Ly_A'!C5/'12_Ly_A'!A5 -> 1 | H42: ='12_Ly_A'!E5/'12_Ly_A'!A5 -> 0 | I42: ='12_Ly_A'!G5/'12_Ly_A'!A5 -> 0 | J42: ='12_Ly_A'!I5/'12_Ly_A'!A5 -> 0 | K42: ='12_Ly_A'!K5 -> 100 | L42: =IF(K42>=90, "Tập thể Xuất sắc", IF(K42>=80, "Tập thể Tiên tiến", "Cần phấn đấu")) -> Tập thể Xuất sắc
A43: 39 | B43: 12_Ly_B | C43: Lớp 12 LY B | D43: Khối 12 | E43: Tạ Thị Ngọc Lan | F43: ='12_Ly_B'!A5 -> 35 | G43: ='12_Ly_B'!C5/'12_Ly_B'!A5 -> 1 | H43: ='12_Ly_B'!E5/'12_Ly_B'!A5 -> 0 | I43: ='12_Ly_B'!G5/'12_Ly_B'!A5 -> 0 | J43: ='12_Ly_B'!I5/'12_Ly_B'!A5 -> 0 | K43: ='12_Ly_B'!K5 -> 100 | L43: =IF(K43>=90, "Tập thể Xuất sắc", IF(K43>=80, "Tập thể Tiên tiến", "Cần phấn đấu")) -> Tập thể Xuất sắc
A44: 40 | B44: 12_Hoa_A | C44: Lớp 12 HOA A | D44: Khối 12 | E44: Điêu Thị Ngọc Hoa | F44: ='12_Hoa_A'!A5 -> 35 | G44: ='12_Hoa_A'!C5/'12_Hoa_A'!A5 -> 1 | H44: ='12_Hoa_A'!E5/'12_Hoa_A'!A5 -> 0 | I44: ='12_Hoa_A'!G5/'12_Hoa_A'!A5 -> 0 | J44: ='12_Hoa_A'!I5/'12_Hoa_A'!A5 -> 0 | K44: ='12_Hoa_A'!K5 -> 100 | L44: =IF(K44>=90, "Tập thể Xuất sắc", IF(K44>=80, "Tập thể Tiên tiến", "Cần phấn đấu")) -> Tập thể Xuất sắc
A45: 41 | B45: 12_Hoa_B | C45: Lớp 12 HOA B | D45: Khối 12 | E45: Phùng Thị Lan Hương | F45: ='12_Hoa_B'!A5 -> 35 | G45: ='12_Hoa_B'!C5/'12_Hoa_B'!A5 -> 1 | H45: ='12_Hoa_B'!E5/'12_Hoa_B'!A5 -> 0 | I45: ='12_Hoa_B'!G5/'12_Hoa_B'!A5 -> 0 | J45: ='12_Hoa_B'!I5/'12_Hoa_B'!A5 -> 0 | K45: ='12_Hoa_B'!K5 -> 100 | L45: =IF(K45>=90, "Tập thể Xuất sắc", IF(K45>=80, "Tập thể Tiên tiến", "Cần phấn đấu")) -> Tập thể Xuất sắc
A46: 42 | B46: 12_Sinh | C46: Lớp 12 SINH | D46: Khối 12 | E46: Phan Thị Thu Huyền | F46: ='12_Sinh'!A5 -> 34 | G46: ='12_Sinh'!C5/'12_Sinh'!A5 -> 1 | H46: ='12_Sinh'!E5/'12_Sinh'!A5 -> 0 | I46: ='12_Sinh'!G5/'12_Sinh'!A5 -> 0 | J46: ='12_Sinh'!I5/'12_Sinh'!A5 -> 0 | K46: ='12_Sinh'!K5 -> 100 | L46: =IF(K46>=90, "Tập thể Xuất sắc", IF(K46>=80, "Tập thể Tiên tiến", "Cần phấn đấu")) -> Tập thể Xuất sắc
A47: 43 | B47: 12_Tin | C47: Lớp 12 TIN | D47: Khối 12 | E47: Nguyễn Thị Hồng Thái | F47: ='12_Tin'!A5 -> 33 | G47: ='12_Tin'!C5/'12_Tin'!A5 -> 1 | H47: ='12_Tin'!E5/'12_Tin'!A5 -> 0 | I47: ='12_Tin'!G5/'12_Tin'!A5 -> 0 | J47: ='12_Tin'!I5/'12_Tin'!A5 -> 0 | K47: ='12_Tin'!K5 -> 100 | L47: =IF(K47>=90, "Tập thể Xuất sắc", IF(K47>=80, "Tập thể Tiên tiến", "Cần phấn đấu")) -> Tập thể Xuất sắc
A48: 44 | B48: 12_Van_A | C48: Lớp 12 VAN A | D48: Khối 12 | E48: Nguyễn Thị Bích Thủy | F48: ='12_Van_A'!A5 -> 35 | G48: ='12_Van_A'!C5/'12_Van_A'!A5 -> 1 | H48: ='12_Van_A'!E5/'12_Van_A'!A5 -> 0 | I48: ='12_Van_A'!G5/'12_Van_A'!A5 -> 0 | J48: ='12_Van_A'!I5/'12_Van_A'!A5 -> 0 | K48: ='12_Van_A'!K5 -> 100 | L48: =IF(K48>=90, "Tập thể Xuất sắc", IF(K48>=80, "Tập thể Tiên tiến", "Cần phấn đấu")) -> Tập thể Xuất sắc
A49: 45 | B49: 12_Van_B | C49: Lớp 12 VAN B | D49: Khối 12 | E49: Phạm Thị Lệ Mỹ | F49: ='12_Van_B'!A5 -> 35 | G49: ='12_Van_B'!C5/'12_Van_B'!A5 -> 1 | H49: ='12_Van_B'!E5/'12_Van_B'!A5 -> 0 | I49: ='12_Van_B'!G5/'12_Van_B'!A5 -> 0 | J49: ='12_Van_B'!I5/'12_Van_B'!A5 -> 0 | K49: ='12_Van_B'!K5 -> 100 | L49: =IF(K49>=90, "Tập thể Xuất sắc", IF(K49>=80, "Tập thể Tiên tiến", "Cần phấn đấu")) -> Tập thể Xuất sắc
A50: 46 | B50: 12_Van_C | C50: Lớp 12 VAN C | D50: Khối 12 | E50: Phùng Thị Hồng Thắm | F50: ='12_Van_C'!A5 -> 35 | G50: ='12_Van_C'!C5/'12_Van_C'!A5 -> 1 | H50: ='12_Van_C'!E5/'12_Van_C'!A5 -> 0 | I50: ='12_Van_C'!G5/'12_Van_C'!A5 -> 0 | J50: ='12_Van_C'!I5/'12_Van_C'!A5 -> 0 | K50: ='12_Van_C'!K5 -> 100 | L50: =IF(K50>=90, "Tập thể Xuất sắc", IF(K50>=80, "Tập thể Tiên tiến", "Cần phấn đấu")) -> Tập thể Xuất sắc
A51: 47 | B51: 12_Su | C51: Lớp 12 SU | D51: Khối 12 | E51: Nguyễn Thị Thu Hằng | F51: ='12_Su'!A5 -> 34 | G51: ='12_Su'!C5/'12_Su'!A5 -> 1 | H51: ='12_Su'!E5/'12_Su'!A5 -> 0 | I51: ='12_Su'!G5/'12_Su'!A5 -> 0 | J51: ='12_Su'!I5/'12_Su'!A5 -> 0 | K51: ='12_Su'!K5 -> 100 | L51: =IF(K51>=90, "Tập thể Xuất sắc", IF(K51>=80, "Tập thể Tiên tiến", "Cần phấn đấu")) -> Tập thể Xuất sắc
A52: 48 | B52: 12_Dia | C52: Lớp 12 DIA | D52: Khối 12 | E52: Nguyễn Thị Thanh Loan | F52: ='12_Dia'!A5 -> 34 | G52: ='12_Dia'!C5/'12_Dia'!A5 -> 1 | H52: ='12_Dia'!E5/'12_Dia'!A5 -> 0 | I52: ='12_Dia'!G5/'12_Dia'!A5 -> 0 | J52: ='12_Dia'!I5/'12_Dia'!A5 -> 0 | K52: ='12_Dia'!K5 -> 100 | L52: =IF(K52>=90, "Tập thể Xuất sắc", IF(K52>=80, "Tập thể Tiên tiến", "Cần phấn đấu")) -> Tập thể Xuất sắc
A53: 49 | B53: 12_Anh_A | C53: Lớp 12 ANH A | D53: Khối 12 | E53: Đặng Tố Nga | F53: ='12_Anh_A'!A5 -> 33 | G53: ='12_Anh_A'!C5/'12_Anh_A'!A5 -> 1 | H53: ='12_Anh_A'!E5/'12_Anh_A'!A5 -> 0 | I53: ='12_Anh_A'!G5/'12_Anh_A'!A5 -> 0 | J53: ='12_Anh_A'!I5/'12_Anh_A'!A5 -> 0 | K53: ='12_Anh_A'!K5 -> 100 | L53: =IF(K53>=90, "Tập thể Xuất sắc", IF(K53>=80, "Tập thể Tiên tiến", "Cần phấn đấu")) -> Tập thể Xuất sắc
A54: 50 | B54: 12_Anh_B | C54: Lớp 12 ANH B | D54: Khối 12 | E54: Triệu Thị Vân Trang | F54: ='12_Anh_B'!A5 -> 32 | G54: ='12_Anh_B'!C5/'12_Anh_B'!A5 -> 1 | H54: ='12_Anh_B'!E5/'12_Anh_B'!A5 -> 0 | I54: ='12_Anh_B'!G5/'12_Anh_B'!A5 -> 0 | J54: ='12_Anh_B'!I5/'12_Anh_B'!A5 -> 0 | K54: ='12_Anh_B'!K5 -> 100 | L54: =IF(K54>=90, "Tập thể Xuất sắc", IF(K54>=80, "Tập thể Tiên tiến", "Cần phấn đấu")) -> Tập thể Xuất sắc
A55: 51 | B55: 12_Anh_C | C55: Lớp 12 ANH C | D55: Khối 12 | E55: Đỗ Thị Thu Hằng | F55: ='12_Anh_C'!A5 -> 36 | G55: ='12_Anh_C'!C5/'12_Anh_C'!A5 -> 1 | H55: ='12_Anh_C'!E5/'12_Anh_C'!A5 -> 0 | I55: ='12_Anh_C'!G5/'12_Anh_C'!A5 -> 0 | J55: ='12_Anh_C'!I5/'12_Anh_C'!A5 -> 0 | K55: ='12_Anh_C'!K5 -> 100 | L55: =IF(K55>=90, "Tập thể Xuất sắc", IF(K55>=80, "Tập thể Tiên tiến", "Cần phấn đấu")) -> Tập thể Xuất sắc
A56: 52 | B56: 12_Anh_D | C56: Lớp 12 ANH D | D56: Khối 12 | E56: Chu Thị Phương Oanh | F56: ='12_Anh_D'!A5 -> 35 | G56: ='12_Anh_D'!C5/'12_Anh_D'!A5 -> 1 | H56: ='12_Anh_D'!E5/'12_Anh_D'!A5 -> 0 | I56: ='12_Anh_D'!G5/'12_Anh_D'!A5 -> 0 | J56: ='12_Anh_D'!I5/'12_Anh_D'!A5 -> 0 | K56: ='12_Anh_D'!K5 -> 100 | L56: =IF(K56>=90, "Tập thể Xuất sắc", IF(K56>=80, "Tập thể Tiên tiến", "Cần phấn đấu")) -> Tập thể Xuất sắc
A57: 53 | B57: 12_Anh_E | C57: Lớp 12 ANH E | D57: Khối 12 | E57: Hà Thị Thọ Anh | F57: ='12_Anh_E'!A5 -> 34 | G57: ='12_Anh_E'!C5/'12_Anh_E'!A5 -> 1 | H57: ='12_Anh_E'!E5/'12_Anh_E'!A5 -> 0 | I57: ='12_Anh_E'!G5/'12_Anh_E'!A5 -> 0 | J57: ='12_Anh_E'!I5/'12_Anh_E'!A5 -> 0 | K57: ='12_Anh_E'!K5 -> 100 | L57: =IF(K57>=90, "Tập thể Xuất sắc", IF(K57>=80, "Tập thể Tiên tiến", "Cần phấn đấu")) -> Tập thể Xuất sắc
A58: 54 | B58: 12_Phap | C58: Lớp 12 PHAP | D58: Khối 12 | E58: Nguyễn Thị Thái | F58: ='12_Phap'!A5 -> 35 | G58: ='12_Phap'!C5/'12_Phap'!A5 -> 1 | H58: ='12_Phap'!E5/'12_Phap'!A5 -> 0 | I58: ='12_Phap'!G5/'12_Phap'!A5 -> 0 | J58: ='12_Phap'!I5/'12_Phap'!A5 -> 0 | K58: ='12_Phap'!K5 -> 100 | L58: =IF(K58>=90, "Tập thể Xuất sắc", IF(K58>=80, "Tập thể Tiên tiến", "Cần phấn đấu")) -> Tập thể Xuất sắc

Sheet ThongKe_BieuDo
A1: DASHBOARD THỐNG KÊ RÈN LUYỆN KPI THEO KHỐI LỚP (BÁO CÁO BAN GIÁM HIỆU)
A2: Trường THPT Chuyên Hùng Vương — Năm học 2026 - 2027
A4: STT | B4: Khối Lớp | C4: Số Lớp | D4: Tổng Học Sinh | E4: Tỷ Lệ TỐT (%) | F4: Tỷ Lệ KHÁ (%) | G4: Tỷ Lệ ĐẠT (%) | H4: Tỷ Lệ CHƯA ĐẠT (%) | I4: Điểm KPI TB Khối
A5: 1 | B5: Khối 10 | C5: =COUNTIF(TongHop_54_Lop!D5:D58, "Khối 10") -> 17 | D5: =SUMIF(TongHop_54_Lop!D5:D58, "Khối 10", TongHop_54_Lop!F5:F58) -> 594 | E5: =SUMPRODUCT((TongHop_54_Lop!D5:D58="Khối 10")*TongHop_54_Lop!G5:G58*TongHop_54_Lop!F5:F58)/D5 -> 1 | F5: =SUMPRODUCT((TongHop_54_Lop!D5:D58="Khối 10")*TongHop_54_Lop!H5:H58*TongHop_54_Lop!F5:F58)/D5 -> 0 | G5: =SUMPRODUCT((TongHop_54_Lop!D5:D58="Khối 10")*TongHop_54_Lop!I5:I58*TongHop_54_Lop!F5:F58)/D5 -> 0 | H5: =SUMPRODUCT((TongHop_54_Lop!D5:D58="Khối 10")*TongHop_54_Lop!J5:J58*TongHop_54_Lop!F5:F58)/D5 -> 0 | I5: =AVERAGEIF(TongHop_54_Lop!D5:D58, "Khối 10", TongHop_54_Lop!K5:K58) -> 99.988235
A6: 2 | B6: Khối 11 | C6: =COUNTIF(TongHop_54_Lop!D5:D58, "Khối 11") -> 17 | D6: =SUMIF(TongHop_54_Lop!D5:D58, "Khối 11", TongHop_54_Lop!F5:F58) -> 596 | E6: =SUMPRODUCT((TongHop_54_Lop!D5:D58="Khối 11")*TongHop_54_Lop!G5:G58*TongHop_54_Lop!F5:F58)/D6 -> 1 | F6: =SUMPRODUCT((TongHop_54_Lop!D5:D58="Khối 11")*TongHop_54_Lop!H5:H58*TongHop_54_Lop!F5:F58)/D6 -> 0 | G6: =SUMPRODUCT((TongHop_54_Lop!D5:D58="Khối 11")*TongHop_54_Lop!I5:I58*TongHop_54_Lop!F5:F58)/D6 -> 0 | H6: =SUMPRODUCT((TongHop_54_Lop!D5:D58="Khối 11")*TongHop_54_Lop!J5:J58*TongHop_54_Lop!F5:F58)/D6 -> 0 | I6: =AVERAGEIF(TongHop_54_Lop!D5:D58, "Khối 11", TongHop_54_Lop!K5:K58) -> 100
A7: 3 | B7: Khối 12 | C7: =COUNTIF(TongHop_54_Lop!D5:D58, "Khối 12") -> 20 | D7: =SUMIF(TongHop_54_Lop!D5:D58, "Khối 12", TongHop_54_Lop!F5:F58) -> 689 | E7: =SUMPRODUCT((TongHop_54_Lop!D5:D58="Khối 12")*TongHop_54_Lop!G5:G58*TongHop_54_Lop!F5:F58)/D7 -> 1 | F7: =SUMPRODUCT((TongHop_54_Lop!D5:D58="Khối 12")*TongHop_54_Lop!H5:H58*TongHop_54_Lop!F5:F58)/D7 -> 0 | G7: =SUMPRODUCT((TongHop_54_Lop!D5:D58="Khối 12")*TongHop_54_Lop!I5:I58*TongHop_54_Lop!F5:F58)/D7 -> 0 | H7: =SUMPRODUCT((TongHop_54_Lop!D5:D58="Khối 12")*TongHop_54_Lop!J5:J58*TongHop_54_Lop!F5:F58)/D7 -> 0 | I7: =AVERAGEIF(TongHop_54_Lop!D5:D58, "Khối 12", TongHop_54_Lop!K5:K58) -> 100
B30: KHỐI 10 | E30: KHỐI 11 | G30: KHỐI 12

Sheet 10_Toan_A
A1: BẢNG ĐÁNH GIÁ RÈN LUYỆN HỌC SINH THEO KPI HÀNG NGÀY / HÀNG TUẦN - LỚP 10 TOAN A | AX1: 🏠 về Mục Lục
A2: Khối: Khối 10 | GVCN: Triệu Văn Dũng | Thời gian theo dõi: 07/09/2026 - 30/05/2027 (35 Tuần học | 7 ngày/tuần) | THPT Chuyên Hùng Vương | AX2: 📋 Nhật Ký Vi Phạm Lớp 10_Toan_A
A4: Sĩ Số Lớp | C4: Xếp loại TỐT | E4: Xếp loại KHÁ | G4: Xếp loại ĐẠT | I4: Xếp loại CHƯA ĐẠT | K4: Điểm KPI TB Cả Năm Lớp
A5: =COUNTA(A9:A43) -> 35 | C5: =COUNTIF(BC9:BC43, "Tốt") -> 35 | E5: =COUNTIF(BC9:BC43, "Khá") -> 0 | G5: =COUNTIF(BC9:BC43, "Đạt") -> 0 | I5: =COUNTIF(BC9:BC43, "Chưa đạt") -> 0 | K5: =ROUND(AVERAGE(BA9:BA43), 1) -> 99.9
A7: STT | B7: Họ và tên Học sinh | C7: Ngày sinh | D7: Giới tính | E7: Ở KTX | F7: L01: Đi muộn (sau 7h00) | G7: L02: Sai đồng phục/Thẻ | H7: L03: Gửi xe sai vị trí | I7: L04: Ăn vặt lớp/sân | J7: L05: Dùng điện thoại | K7: L06: Tắt điện quạt | L7: L07: Vi phạm KTX | M7: L08: Mất trật tự/Ứng xử | N7: L09: Gian lận thi/AI | O7: L10: Hút thuốc/Chất cấm | P7: Tổng Điểm Cộng (+) | Q7: Tổng Điểm Trừ (-) | R7: Tháng 9/2026 (07/09-30/09) | V7: Tháng 10/2026 (01/10-31/10) | Z7: Tháng 11/2026 (01/11-30/11) | AD7: Tháng 12/2026 (01/12-31/12) | AH7: Tháng 1/2027 (01/01-31/01) | AL7: Tháng 2/2027 (01/02-28/02) | AP7: Tháng 3/2027 (01/03-31/03) | AT7: Tháng 4/2027 (01/04-30/04) | AX7: Tháng 5/2027 (01/05-30/05) | BA7: Điểm KPI TB Cả Năm | BB7: Vi phạm Nghiêm trọng | BC7: Xếp loại Rèn luyện | BD7: Tín hiệu Cảnh báo & Lời nhắn GVCN
R8: T1 | S8: T2 | T8: T3 | U8: T4 | V8: T5 | W8: T6 | X8: T7 | Y8: T8 | Z8: T9 | AA8: T10 | AB8: T11 | AC8: T12 | AD8: T13 | AE8: T14 | AF8: T15 | AG8: T16 | AH8: T17 | AI8: T18 | AJ8: T19 | AK8: T20 | AL8: T21 | AM8: T22 | AN8: T23 | AO8: T24 | AP8: T25 | AQ8: T26 | AR8: T27 | AS8: T28 | AT8: T29 | AU8: T30 | AV8: T31 | AW8: T32 | AX8: T33 | AY8: T34 | AZ8: T35
A9: 1 | B9: Nguyễn Ngọc Lan Anh | C9: 10/08/2011 | D9: Nữ | E9: Không | F9: =SUMIFS(NhatKy_ViPham!K:K, NhatKy_ViPham!E:E, "10_Toan_A", NhatKy_ViPham!F:F, B9, NhatKy_ViPham!H:H, "L01") -> 30 | G9: =SUMIFS(NhatKy_ViPham!K:K, NhatKy_ViPham!E:E, "10_Toan_A", NhatKy_ViPham!F:F, B9, NhatKy_ViPham!H:H, "L02") -> 0 | H9: =SUMIFS(NhatKy_ViPham!K:K, NhatKy_ViPham!E:E, "10_Toan_A", NhatKy_ViPham!F:F, B9, NhatKy_ViPham!H:H, "L03") -> 0 | I9: =SUMIFS(NhatKy_ViPham!K:K, NhatKy_ViPham!E:E, "10_Toan_A", NhatKy_ViPham!F:F, B9, NhatKy_ViPham!H:H, "L04") -> 0 | J9: =SUMIFS(NhatKy_ViPham!K:K, NhatKy_ViPham!E:E, "10_Toan_A", NhatKy_ViPham!F:F, B9, NhatKy_ViPham!H:H, "L05") -> 30 | K9: =SUMIFS(NhatKy_ViPham!K:K, NhatKy_ViPham!E:E, "10_Toan_A", NhatKy_ViPham!F:F, B9, NhatKy_ViPham!H:H, "L06") -> 0 | L9: =SUMIFS(NhatKy_ViPham!K:K, NhatKy_ViPham!E:E, "10_Toan_A", NhatKy_ViPham!F:F, B9, NhatKy_ViPham!H:H, "L07") -> 0 | M9: =SUMIFS(NhatKy_ViPham!K:K, NhatKy_ViPham!E:E, "10_Toan_A", NhatKy_ViPham!F:F, B9, NhatKy_ViPham!H:H, "L08") -> 0 | N9: =SUMIFS(NhatKy_ViPham!K:K, NhatKy_ViPham!E:E, "10_Toan_A", NhatKy_ViPham!F:F, B9, NhatKy_ViPham!H:H, "L09") -> 0 | O9: =SUMIFS(NhatKy_ViPham!K:K, NhatKy_ViPham!E:E, "10_Toan_A", NhatKy_ViPham!F:F, B9, NhatKy_ViPham!H:H, "L10") -> 0 | P9: =SUMIFS(NhatKy_ViPham!J:J, NhatKy_ViPham!E:E, "10_Toan_A", NhatKy_ViPham!F:F, B9) -> 0 | Q9: =SUMIFS(NhatKy_ViPham!K:K, NhatKy_ViPham!E:E, "10_Toan_A", NhatKy_ViPham!F:F, B9) -> 60 | R9: =100 + SUMIFS(NhatKy_ViPham!J:J, NhatKy_ViPham!E:E, "10_Toan_A", NhatKy_ViPham!F:F, B9, NhatKy_ViPham!C:C, "T1") - SUMIFS(NhatKy_ViPham!K:K, NhatKy_ViPham!E:E, "10_Toan_A", NhatKy_ViPham!F:F, B9, NhatKy_ViPham!C:C, "T1") -> 70 | S9: =100 + SUMIFS(NhatKy_ViPham!J:J, NhatKy_ViPham!E:E, "10_Toan_A", NhatKy_ViPham!F:F, B9, NhatKy_ViPham!C:C, "T2") - SUMIFS(NhatKy_ViPham!K:K, NhatKy_ViPham!E:E, "10_Toan_A", NhatKy_ViPham!F:F, B9, NhatKy_ViPham!C:C, "T2") -> 70 | T9: =100 + SUMIFS(NhatKy_ViPham!J:J, NhatKy_ViPham!E:E, "10_Toan_A", NhatKy_ViPham!F:F, B9, NhatKy_ViPham!C:C, "T3") - SUMIFS(NhatKy_ViPham!K:K, NhatKy_ViPham!E:E, "10_Toan_A", NhatKy_ViPham!F:F, B9, NhatKy_ViPham!C:C, "T3") -> 100 | U9: =100 + SUMIFS(NhatKy_ViPham!J:J, NhatKy_ViPham!E:E, "10_Toan_A", NhatKy_ViPham!F:F, B9, NhatKy_ViPham!C:C, "T4") - SUMIFS(NhatKy_ViPham!K:K, NhatKy_ViPham!E:E, "10_Toan_A", NhatKy_ViPham!F:F, B9, NhatKy_ViPham!C:C, "T4") -> 100 | V9: =100 + SUMIFS(NhatKy_ViPham!J:J, NhatKy_ViPham!E:E, "10_Toan_A", NhatKy_ViPham!F:F, B9, NhatKy_ViPham!C:C, "T5") - SUMIFS(NhatKy_ViPham!K:K, NhatKy_ViPham!E:E, "10_Toan_A", NhatKy_ViPham!F:F, B9, NhatKy_ViPham!C:C, "T5") -> 100 | W9: =100 + SUMIFS(NhatKy_ViPham!J:J, NhatKy_ViPham!E:E, "10_Toan_A", NhatKy_ViPham!F:F, B9, NhatKy_ViPham!C:C, "T6") - SUMIFS(NhatKy_ViPham!K:K, NhatKy_ViPham!E:E, "10_Toan_A", NhatKy_ViPham!F:F, B9, NhatKy_ViPham!C:C, "T6") -> 100 | X9: =100 + SUMIFS(NhatKy_ViPham!J:J, NhatKy_ViPham!E:E, "10_Toan_A", NhatKy_ViPham!F:F, B9, NhatKy_ViPham!C:C, "T7") - SUMIFS(NhatKy_ViPham!K:K, NhatKy_ViPham!E:E, "10_Toan_A", NhatKy_ViPham!F:F, B9, NhatKy_ViPham!C:C, "T7") -> 100 | Y9: =100 + SUMIFS(NhatKy_ViPham!J:J, NhatKy_ViPham!E:E, "10_Toan_A", NhatKy_ViPham!F:F, B9, NhatKy_ViPham!C:C, "T8") - SUMIFS(NhatKy_ViPham!K:K, NhatKy_ViPham!E:E, "10_Toan_A", NhatKy_ViPham!F:F, B9, NhatKy_ViPham!C:C, "T8") -> 100 | Z9: =100 + SUMIFS(NhatKy_ViPham!J:J, NhatKy_ViPham!E:E, "10_Toan_A", NhatKy_ViPham!F:F, B9, NhatKy_ViPham!C:C, "T9") - SUMIFS(NhatKy_ViPham!K:K, NhatKy_ViPham!E:E, "10_Toan_A", NhatKy_ViPham!F:F, B9, NhatKy_ViPham!C:C, "T9") -> 100 | AA9: =100 + SUMIFS(NhatKy_ViPham!J:J, NhatKy_ViPham!E:E, "10_Toan_A", NhatKy_ViPham!F:F, B9, NhatKy_ViPham!C:C, "T10") - SUMIFS(NhatKy_ViPham!K:K, NhatKy_ViPham!E:E, "10_Toan_A", NhatKy_ViPham!F:F, B9, NhatKy_ViPham!C:C, "T10") -> 100 | AB9: =100 + SUMIFS(NhatKy_ViPham!J:J, NhatKy_ViPham!E:E, "10_Toan_A", NhatKy_ViPham!F:F, B9, NhatKy_ViPham!C:C, "T11") - SUMIFS(NhatKy_ViPham!K:K, NhatKy_ViPham!E:E, "10_Toan_A", NhatKy_ViPham!F:F, B9, NhatKy_ViPham!C:C, "T11") -> 100 | AC9: =100 + SUMIFS(NhatKy_ViPham!J:J, NhatKy_ViPham!E:E, "10_Toan_A", NhatKy_ViPham!F:F, B9, NhatKy_ViPham!C:C, "T12") - SUMIFS(NhatKy_ViPham!K:K, NhatKy_ViPham!E:E, "10_Toan_A", NhatKy_ViPham!F:F, B9, NhatKy_ViPham!C:C, "T12") -> 100 | AD9: =100 + SUMIFS(NhatKy_ViPham!J:J, NhatKy_ViPham!E:E, "10_Toan_A", NhatKy_ViPham!F:F, B9, NhatKy_ViPham!C:C, "T13") - SUMIFS(NhatKy_ViPham!K:K, NhatKy_ViPham!E:E, "10_Toan_A", NhatKy_ViPham!F:F, B9, NhatKy_ViPham!C:C, "T13") -> 100 | AE9: =100 + SUMIFS(NhatKy_ViPham!J:J, NhatKy_ViPham!E:E, "10_Toan_A", NhatKy_ViPham!F:F, B9, NhatKy_ViPham!C:C, "T14") - SUMIFS(NhatKy_ViPham!K:K, NhatKy_ViPham!E:E, "10_Toan_A", NhatKy_ViPham!F:F, B9, NhatKy_ViPham!C:C, "T14") -> 100 | AF9: =100 + SUMIFS(NhatKy_ViPham!J:J, NhatKy_ViPham!E:E, "10_Toan_A", NhatKy_ViPham!F:F, B9, NhatKy_ViPham!C:C, "T15") - SUMIFS(NhatKy_ViPham!K:K, NhatKy_ViPham!E:E, "10_Toan_A", NhatKy_ViPham!F:F, B9, NhatKy_ViPham!C:C, "T15") -> 100 | AG9: =100 + SUMIFS(NhatKy_ViPham!J:J, NhatKy_ViPham!E:E, "10_Toan_A", NhatKy_ViPham!F:F, B9, NhatKy_ViPham!C:C, "T16") - SUMIFS(NhatKy_ViPham!K:K, NhatKy_ViPham!E:E, "10_Toan_A", NhatKy_ViPham!F:F, B9, NhatKy_ViPham!C:C, "T16") -> 100 | AH9: =100 + SUMIFS(NhatKy_ViPham!J:J, NhatKy_ViPham!E:E, "10_Toan_A", NhatKy_ViPham!F:F, B9, NhatKy_ViPham!C:C, "T17") - SUMIFS(NhatKy_ViPham!K:K, NhatKy_ViPham!E:E, "10_Toan_A", NhatKy_ViPham!F:F, B9, NhatKy_ViPham!C:C, "T17") -> 100 | AI9: =100 + SUMIFS(NhatKy_ViPham!J:J, NhatKy_ViPham!E:E, "10_Toan_A", NhatKy_ViPham!F:F, B9, NhatKy_ViPham!C:C, "T18") - SUMIFS(NhatKy_ViPham!K:K, NhatKy_ViPham!E:E, "10_Toan_A", NhatKy_ViPham!F:F, B9, NhatKy_ViPham!C:C, "T18") -> 100 | AJ9: =100 + SUMIFS(NhatKy_ViPham!J:J, NhatKy_ViPham!E:E, "10_Toan_A", NhatKy_ViPham!F:F, B9, NhatKy_ViPham!C:C, "T19") - SUMIFS(NhatKy_ViPham!K:K, NhatKy_ViPham!E:E, "10_Toan_A", NhatKy_ViPham!F:F, B9, NhatKy_ViPham!C:C, "T19") -> 100 | AK9: =100 + SUMIFS(NhatKy_ViPham!J:J, NhatKy_ViPham!E:E, "10_Toan_A", NhatKy_ViPham!F:F, B9, NhatKy_ViPham!C:C, "T20") - SUMIFS(NhatKy_ViPham!K:K, NhatKy_ViPham!E:E, "10_Toan_A", NhatKy_ViPham!F:F, B9, NhatKy_ViPham!C:C, "T20") -> 100 | AL9: =100 + SUMIFS(NhatKy_ViPham!J:J, NhatKy_ViPham!E:E, "10_Toan_A", NhatKy_ViPham!F:F, B9, NhatKy_ViPham!C:C, "T21") - SUMIFS(NhatKy_ViPham!K:K, NhatKy_ViPham!E:E, "10_Toan_A", NhatKy_ViPham!F:F, B9, NhatKy_ViPham!C:C, "T21") -> 100 | AM9: =100 + SUMIFS(NhatKy_ViPham!J:J, NhatKy_ViPham!E:E, "10_Toan_A", NhatKy_ViPham!F:F, B9, NhatKy_ViPham!C:C, "T22") - SUMIFS(NhatKy_ViPham!K:K, NhatKy_ViPham!E:E, "10_Toan_A", NhatKy_ViPham!F:F, B9, NhatKy_ViPham!C:C, "T22") -> 100 | AN9: =100 + SUMIFS(NhatKy_ViPham!J:J, NhatKy_ViPham!E:E, "10_Toan_A", NhatKy_ViPham!F:F, B9, NhatKy_ViPham!C:C, "T23") - SUMIFS(NhatKy_ViPham!K:K, NhatKy_ViPham!E:E, "10_Toan_A", NhatKy_ViPham!F:F, B9, NhatKy_ViPham!C:C, "T23") -> 100 | AO9: =100 + SUMIFS(NhatKy_ViPham!J:J, NhatKy_ViPham!E:E, "10_Toan_A", NhatKy_ViPham!F:F, B9, NhatKy_ViPham!C:C, "T24") - SUMIFS(NhatKy_ViPham!K:K, NhatKy_ViPham!E:E, "10_Toan_A", NhatKy_ViPham!F:F, B9, NhatKy_ViPham!C:C, "T24") -> 100 | AP9: =100 + SUMIFS(NhatKy_ViPham!J:J, NhatKy_ViPham!E:E, "10_Toan_A", NhatKy_ViPham!F:F, B9, NhatKy_ViPham!C:C, "T25") - SUMIFS(NhatKy_ViPham!K:K, NhatKy_ViPham!E:E, "10_Toan_A", NhatKy_ViPham!F:F, B9, NhatKy_ViPham!C:C, "T25") -> 100 | AQ9: =100 + SUMIFS(NhatKy_ViPham!J:J, NhatKy_ViPham!E:E, "10_Toan_A", NhatKy_ViPham!F:F, B9, NhatKy_ViPham!C:C, "T26") - SUMIFS(NhatKy_ViPham!K:K, NhatKy_ViPham!E:E, "10_Toan_A", NhatKy_ViPham!F:F, B9, NhatKy_ViPham!C:C, "T26") -> 100 | AR9: =100 + SUMIFS(NhatKy_ViPham!J:J, NhatKy_ViPham!E:E, "10_Toan_A", NhatKy_ViPham!F:F, B9, NhatKy_ViPham!C:C, "T27") - SUMIFS(NhatKy_ViPham!K:K, NhatKy_ViPham!E:E, "10_Toan_A", NhatKy_ViPham!F:F, B9, NhatKy_ViPham!C:C, "T27") -> 100 | AS9: =100 + SUMIFS(NhatKy_ViPham!J:J, NhatKy_ViPham!E:E, "10_Toan_A", NhatKy_ViPham!F:F, B9, NhatKy_ViPham!C:C, "T28") - SUMIFS(NhatKy_ViPham!K:K, NhatKy_ViPham!E:E, "10_Toan_A", NhatKy_ViPham!F:F, B9, NhatKy_ViPham!C:C, "T28") -> 100 | AT9: =100 + SUMIFS(NhatKy_ViPham!J:J, NhatKy_ViPham!E:E, "10_Toan_A", NhatKy_ViPham!F:F, B9, NhatKy_ViPham!C:C, "T29") - SUMIFS(NhatKy_ViPham!K:K, NhatKy_ViPham!E:E, "10_Toan_A", NhatKy_ViPham!F:F, B9, NhatKy_ViPham!C:C, "T29") -> 100 | AU9: =100 + SUMIFS(NhatKy_ViPham!J:J, NhatKy_ViPham!E:E, "10_Toan_A", NhatKy_ViPham!F:F, B9, NhatKy_ViPham!C:C, "T30") - SUMIFS(NhatKy_ViPham!K:K, NhatKy_ViPham!E:E, "10_Toan_A", NhatKy_ViPham!F:F, B9, NhatKy_ViPham!C:C, "T30") -> 100 | AV9: =100 + SUMIFS(NhatKy_ViPham!J:J, NhatKy_ViPham!E:E, "10_Toan_A", NhatKy_ViPham!F:F, B9, NhatKy_ViPham!C:C, "T31") - SUMIFS(NhatKy_ViPham!K:K, NhatKy_ViPham!E:E, "10_Toan_A", NhatKy_ViPham!F:F, B9, NhatKy_ViPham!C:C, "T31") -> 100 | AW9: =100 + SUMIFS(NhatKy_ViPham!J:J, NhatKy_ViPham!E:E, "10_Toan_A", NhatKy_ViPham!F:F, B9, NhatKy_ViPham!C:C, "T32") - SUMIFS(NhatKy_ViPham!K:K, NhatKy_ViPham!E:E, "10_Toan_A", NhatKy_ViPham!F:F, B9, NhatKy_ViPham!C:C, "T32") -> 100 | AX9: =100 + SUMIFS(NhatKy_ViPham!J:J, NhatKy_ViPham!E:E, "10_Toan_A", NhatKy_ViPham!F:F, B9, NhatKy_ViPham!C:C, "T33") - SUMIFS(NhatKy_ViPham!K:K, NhatKy_ViPham!E:E, "10_Toan_A", NhatKy_ViPham!F:F, B9, NhatKy_ViPham!C:C, "T33") -> 100 | AY9: =100 + SUMIFS(NhatKy_ViPham!J:J, NhatKy_ViPham!E:E, "10_Toan_A", NhatKy_ViPham!F:F, B9, NhatKy_ViPham!C:C, "T34") - SUMIFS(NhatKy_ViPham!K:K, NhatKy_ViPham!E:E, "10_Toan_A", NhatKy_ViPham!F:F, B9, NhatKy_ViPham!C:C, "T34") -> 100 | AZ9: =100 + SUMIFS(NhatKy_ViPham!J:J, NhatKy_ViPham!E:E, "10_Toan_A", NhatKy_ViPham!F:F, B9, NhatKy_ViPham!C:C, "T35") - SUMIFS(NhatKy_ViPham!K:K, NhatKy_ViPham!E:E, "10_Toan_A", NhatKy_ViPham!F:F, B9, NhatKy_ViPham!C:C, "T35") -> 100 | BA9: =ROUND(AVERAGE(R9:AZ9), 1) -> 98.3 | BB9: Không | BC9: =IF(BB9="Có", "Chưa đạt", IF(BA9>=85, "Tốt", IF(BA9>=70, "Khá", IF(BA9>=50, "Đạt", "Chưa đạt")))) -> Tốt | BD9: =IF(BC9="Chưa đạt", "🔴 Nguy cơ CHƯA ĐẠT", IF(BC9="Đạt", "🟡 CẦN NHẮC NHỞ", "🟢 BÌNH THƯỜNG")) -> 🟢 BÌNH THƯỜNG
A10: 2 | B10: Chu Ngọc Ánh | C10: 30/01/2011 | D10: Nữ | E10: Không | F10: =SUMIFS(NhatKy_ViPham!K:K, NhatKy_ViPham!E:E, "10_Toan_A", NhatKy_ViPham!F:F, B10, NhatKy_ViPham!H:H, "L01") -> 0 | G10: =SUMIFS(NhatKy_ViPham!K:K, NhatKy_ViPham!E:E, "10_Toan_A", NhatKy_ViPham!F:F, B10, NhatKy_ViPham!H:H, "L02") -> 0 | H10: =SUMIFS(NhatKy_ViPham!K:K, NhatKy_ViPham!E:E, "10_Toan_A", NhatKy_ViPham!F:F, B10, NhatKy_ViPham!H:H, "L03") -> 0 | I10: =SUMIFS(NhatKy_ViPham!K:K, NhatKy_ViPham!E:E, "10_Toan_A", NhatKy_ViPham!F:F, B10, NhatKy_ViPham!H:H, "L04") -> 0 | J10: =SUMIFS(NhatKy_ViPham!K:K, NhatKy_ViPham!E:E, "10_Toan_A", NhatKy_ViPham!F:F, B10, NhatKy_ViPham!H:H, "L05") -> 5 | K10: =SUMIFS(NhatKy_ViPham!K:K, NhatKy_ViPham!E:E, "10_Toan_A", NhatKy_ViPham!F:F, B10, NhatKy_ViPham!H:H, "L06") -> 0 | L10: =SUMIFS(NhatKy_ViPham!K:K, NhatKy_ViPham!E:E, "10_Toan_A", NhatKy_ViPham!F:F, B10, NhatKy_ViPham!H:H, "L07") -> 0 | M10: =SUMIFS(NhatKy_ViPham!K:K, NhatKy_ViPham!E:E, "10_Toan_A", NhatKy_ViPham!F:F, B10, NhatKy_ViPham!H:H, "L08") -> 0 | N10: =SUMIFS(NhatKy_ViPham!K:K, NhatKy_ViPham!E:E, "10_Toan_A", NhatKy_ViPham!F:F, B10, NhatKy_ViPham!H:H, "L09") -> 0 | O10: =SUMIFS(NhatKy_ViPham!K:K, NhatKy_ViPham!E:E, "10_Toan_A", NhatKy_ViPham!F:F, B10, NhatKy_ViPham!H:H, "L10") -> 0 | P10: =SUMIFS(NhatKy_ViPham!J:J, NhatKy_ViPham!E:E, "10_Toan_A", NhatKy_ViPham!F:F, B10) -> 0 | Q10: =SUMIFS(NhatKy_ViPham!K:K, NhatKy_ViPham!E:E, "10_Toan_A", NhatKy_ViPham!F:F, B10) -> 5 | R10: =100 + SUMIFS(NhatKy_ViPham!J:J, NhatKy_ViPham!E:E, "10_Toan_A", NhatKy_ViPham!F:F, B10, NhatKy_ViPham!C:C, "T1") - SUMIFS(NhatKy_ViPham!K:K, NhatKy_ViPham!E:E, "10_Toan_A", NhatKy_ViPham!F:F, B10, NhatKy_ViPham!C:C, "T1") -> 95 | S10: =100 + SUMIFS(NhatKy_ViPham!J:J, NhatKy_ViPham!E:E, "10_Toan_A", NhatKy_ViPham!F:F, B10, NhatKy_ViPham!C:C, "T2") - SUMIFS(NhatKy_ViPham!K:K, NhatKy_ViPham!E:E, "10_Toan_A", NhatKy_ViPham!F:F, B10, NhatKy_ViPham!C:C, "T2") -> 100 | T10: =100 + SUMIFS(NhatKy_ViPham!J:J, NhatKy_ViPham!E:E, "10_Toan_A", NhatKy_ViPham!F:F, B10, NhatKy_ViPham!C:C, "T3") - SUMIFS(NhatKy_ViPham!K:K, NhatKy_ViPham!E:E, "10_Toan_A", NhatKy_ViPham!F:F, B10, NhatKy_ViPham!C:C, "T3") -> 100 | U10: =100 + SUMIFS(NhatKy_ViPham!J:J, NhatKy_ViPham!E:E, "10_Toan_A", NhatKy_ViPham!F:F, B10, NhatKy_ViPham!C:C, "T4") - SUMIFS(NhatKy_ViPham!K:K, NhatKy_ViPham!E:E, "10_Toan_A", NhatKy_ViPham!F:F, B10, NhatKy_ViPham!C:C, "T4") -> 100 | V10: =100 + SUMIFS(NhatKy_ViPham!J:J, NhatKy_ViPham!E:E, "10_Toan_A", NhatKy_ViPham!F:F, B10, NhatKy_ViPham!C:C, "T5") - SUMIFS(NhatKy_ViPham!K:K, NhatKy_ViPham!E:E, "10_Toan_A", NhatKy_ViPham!F:F, B10, NhatKy_ViPham!C:C, "T5") -> 100 | W10: =100 + SUMIFS(NhatKy_ViPham!J:J, NhatKy_ViPham!E:E, "10_Toan_A", NhatKy_ViPham!F:F, B10, NhatKy_ViPham!C:C, "T6") - SUMIFS(NhatKy_ViPham!K:K, NhatKy_ViPham!E:E, "10_Toan_A", NhatKy_ViPham!F:F, B10, NhatKy_ViPham!C:C, "T6") -> 100 | X10: =100 + SUMIFS(NhatKy_ViPham!J:J, NhatKy_ViPham!E:E, "10_Toan_A", NhatKy_ViPham!F:F, B10, NhatKy_ViPham!C:C, "T7") - SUMIFS(NhatKy_ViPham!K:K, NhatKy_ViPham!E:E, "10_Toan_A", NhatKy_ViPham!F:F, B10, NhatKy_ViPham!C:C, "T7") -> 100 | Y10: =100 + SUMIFS(NhatKy_ViPham!J:J, NhatKy_ViPham!E:E, "10_Toan_A", NhatKy_ViPham!F:F, B10, NhatKy_ViPham!C:C, "T8") - SUMIFS(NhatKy_ViPham!K:K, NhatKy_ViPham!E:E, "10_Toan_A", NhatKy_ViPham!F:F, B10, NhatKy_ViPham!C:C, "T8") -> 100 | Z10: =100 + SUMIFS(NhatKy_ViPham!J:J, NhatKy_ViPham!E:E, "10_Toan_A", NhatKy_ViPham!F:F, B10, NhatKy_ViPham!C:C, "T9") - SUMIFS(NhatKy_ViPham!K:K, NhatKy_ViPham!E:E, "10_Toan_A", NhatKy_ViPham!F:F, B10, NhatKy_ViPham!C:C, "T9") -> 100 | AA10: =100 + SUMIFS(NhatKy_ViPham!J:J, NhatKy_ViPham!E:E, "10_Toan_A", NhatKy_ViPham!F:F, B10, NhatKy_ViPham!C:C, "T10") - SUMIFS(NhatKy_ViPham!K:K, NhatKy_ViPham!E:E, "10_Toan_A", NhatKy_ViPham!F:F, B10, NhatKy_ViPham!C:C, "T10") -> 100 | AB10: =100 + SUMIFS(NhatKy_ViPham!J:J, NhatKy_ViPham!E:E, "10_Toan_A", NhatKy_ViPham!F:F, B10, NhatKy_ViPham!C:C, "T11") - SUMIFS(NhatKy_ViPham!K:K, NhatKy_ViPham!E:E, "10_Toan_A", NhatKy_ViPham!F:F, B10, NhatKy_ViPham!C:C, "T11") -> 100 | AC10: =100 + SUMIFS(NhatKy_ViPham!J:J, NhatKy_ViPham!E:E, "10_Toan_A", NhatKy_ViPham!F:F, B10, NhatKy_ViPham!C:C, "T12") - SUMIFS(NhatKy_ViPham!K:K, NhatKy_ViPham!E:E, "10_Toan_A", NhatKy_ViPham!F:F, B10, NhatKy_ViPham!C:C, "T12") -> 100 | AD10: =100 + SUMIFS(NhatKy_ViPham!J:J, NhatKy_ViPham!E:E, "10_Toan_A", NhatKy_ViPham!F:F, B10, NhatKy_ViPham!C:C, "T13") - SUMIFS(NhatKy_ViPham!K:K, NhatKy_ViPham!E:E, "10_Toan_A", NhatKy_ViPham!F:F, B10, NhatKy_ViPham!C:C, "T13") -> 100 | AE10: =100 + SUMIFS(NhatKy_ViPham!J:J, NhatKy_ViPham!E:E, "10_Toan_A", NhatKy_ViPham!F:F, B10, NhatKy_ViPham!C:C, "T14") - SUMIFS(NhatKy_ViPham!K:K, NhatKy_ViPham!E:E, "10_Toan_A", NhatKy_ViPham!F:F, B10, NhatKy_ViPham!C:C, "T14") -> 100 | AF10: =100 + SUMIFS(NhatKy_ViPham!J:J, NhatKy_ViPham!E:E, "10_Toan_A", NhatKy_ViPham!F:F, B10, NhatKy_ViPham!C:C, "T15") - SUMIFS(NhatKy_ViPham!K:K, NhatKy_ViPham!E:E, "10_Toan_A", NhatKy_ViPham!F:F, B10, NhatKy_ViPham!C:C, "T15") -> 100 | AG10: =100 + SUMIFS(NhatKy_ViPham!J:J, NhatKy_ViPham!E:E, "10_Toan_A", NhatKy_ViPham!F:F, B10, NhatKy_ViPham!C:C, "T16") - SUMIFS(NhatKy_ViPham!K:K, NhatKy_ViPham!E:E, "10_Toan_A", NhatKy_ViPham!F:F, B10, NhatKy_ViPham!C:C, "T16") -> 100 | AH10: =100 + SUMIFS(NhatKy_ViPham!J:J, NhatKy_ViPham!E:E, "10_Toan_A", NhatKy_ViPham!F:F, B10, NhatKy_ViPham!C:C, "T17") - SUMIFS(NhatKy_ViPham!K:K, NhatKy_ViPham!E:E, "10_Toan_A", NhatKy_ViPham!F:F, B10, NhatKy_ViPham!C:C, "T17") -> 100 | AI10: =100 + SUMIFS(NhatKy_ViPham!J:J, NhatKy_ViPham!E:E, "10_Toan_A", NhatKy_ViPham!F:F, B10, NhatKy_ViPham!C:C, "T18") - SUMIFS(NhatKy_ViPham!K:K, NhatKy_ViPham!E:E, "10_Toan_A", NhatKy_ViPham!F:F, B10, NhatKy_ViPham!C:C, "T18") -> 100 | AJ10: =100 + SUMIFS(NhatKy_ViPham!J:J, NhatKy_ViPham!E:E, "10_Toan_A", NhatKy_ViPham!F:F, B10, NhatKy_ViPham!C:C, "T19") - SUMIFS(NhatKy_ViPham!K:K, NhatKy_ViPham!E:E, "10_Toan_A", NhatKy_ViPham!F:F, B10, NhatKy_ViPham!C:C, "T19") -> 100 | AK10: =100 + SUMIFS(NhatKy_ViPham!J:J, NhatKy_ViPham!E:E, "10_Toan_A", NhatKy_ViPham!F:F, B10, NhatKy_ViPham!C:C, "T20") - SUMIFS(NhatKy_ViPham!K:K, NhatKy_ViPham!E:E, "10_Toan_A", NhatKy_ViPham!F:F, B10, NhatKy_ViPham!C:C, "T20") -> 100 | AL10: =100 + SUMIFS(NhatKy_ViPham!J:J, NhatKy_ViPham!E:E, "10_Toan_A", NhatKy_ViPham!F:F, B10, NhatKy_ViPham!C:C, "T21") - SUMIFS(NhatKy_ViPham!K:K, NhatKy_ViPham!E:E, "10_Toan_A", NhatKy_ViPham!F:F, B10, NhatKy_ViPham!C:C, "T21") -> 100 | AM10: =100 + SUMIFS(NhatKy_ViPham!J:J, NhatKy_ViPham!E:E, "10_Toan_A", NhatKy_ViPham!F:F, B10, NhatKy_ViPham!C:C, "T22") - SUMIFS(NhatKy_ViPham!K:K, NhatKy_ViPham!E:E, "10_Toan_A", NhatKy_ViPham!F:F, B10, NhatKy_ViPham!C:C, "T22") -> 100 | AN10: =100 + SUMIFS(NhatKy_ViPham!J:J, NhatKy_ViPham!E:E, "10_Toan_A", NhatKy_ViPham!F:F, B10, NhatKy_ViPham!C:C, "T23") - SUMIFS(NhatKy_ViPham!K:K, NhatKy_ViPham!E:E, "10_Toan_A", NhatKy_ViPham!F:F, B10, NhatKy_ViPham!C:C, "T23") -> 100 | AO10: =100 + SUMIFS(NhatKy_ViPham!J:J, NhatKy_ViPham!E:E, "10_Toan_A", NhatKy_ViPham!F:F, B10, NhatKy_ViPham!C:C, "T24") - SUMIFS(NhatKy_ViPham!K:K, NhatKy_ViPham!E:E, "10_Toan_A", NhatKy_ViPham!F:F, B10, NhatKy_ViPham!C:C, "T24") -> 100 | AP10: =100 + SUMIFS(NhatKy_ViPham!J:J, NhatKy_ViPham!E:E, "10_Toan_A", NhatKy_ViPham!F:F, B10, NhatKy_ViPham!C:C, "T25") - SUMIFS(NhatKy_ViPham!K:K, NhatKy_ViPham!E:E, "10_Toan_A", NhatKy_ViPham!F:F, B10, NhatKy_ViPham!C:C, "T25") -> 100 | AQ10: =100 + SUMIFS(NhatKy_ViPham!J:J, NhatKy_ViPham!E:E, "10_Toan_A", NhatKy_ViPham!F:F, B10, NhatKy_ViPham!C:C, "T26") - SUMIFS(NhatKy_ViPham!K:K, NhatKy_ViPham!E:E, "10_Toan_A", NhatKy_ViPham!F:F, B10, NhatKy_ViPham!C:C, "T26") -> 100 | AR10: =100 + SUMIFS(NhatKy_ViPham!J:J, NhatKy_ViPham!E:E, "10_Toan_A", NhatKy_ViPham!F:F, B10, NhatKy_ViPham!C:C, "T27") - SUMIFS(NhatKy_ViPham!K:K, NhatKy_ViPham!E:E, "10_Toan_A", NhatKy_ViPham!F:F, B10, NhatKy_ViPham!C:C, "T27") -> 100 | AS10: =100 + SUMIFS(NhatKy_ViPham!J:J, NhatKy_ViPham!E:E, "10_Toan_A", NhatKy_ViPham!F:F, B10, NhatKy_ViPham!C:C, "T28") - SUMIFS(NhatKy_ViPham!K:K, NhatKy_ViPham!E:E, "10_Toan_A", NhatKy_ViPham!F:F, B10, NhatKy_ViPham!C:C, "T28") -> 100 | AT10: =100 + SUMIFS(NhatKy_ViPham!J:J, NhatKy_ViPham!E:E, "10_Toan_A", NhatKy_ViPham!F:F, B10, NhatKy_ViPham!C:C, "T29") - SUMIFS(NhatKy_ViPham!K:K, NhatKy_ViPham!E:E, "10_Toan_A", NhatKy_ViPham!F:F, B10, NhatKy_ViPham!C:C, "T29") -> 100 | AU10: =100 + SUMIFS(NhatKy_ViPham!J:J, NhatKy_ViPham!E:E, "10_Toan_A", NhatKy_ViPham!F:F, B10, NhatKy_ViPham!C:C, "T30") - SUMIFS(NhatKy_ViPham!K:K, NhatKy_ViPham!E:E, "10_Toan_A", NhatKy_ViPham!F:F, B10, NhatKy_ViPham!C:C, "T30") -> 100 | AV10: =100 + SUMIFS(NhatKy_ViPham!J:J, NhatKy_ViPham!E:E, "10_Toan_A", NhatKy_ViPham!F:F, B10, NhatKy_ViPham!C:C, "T31") - SUMIFS(NhatKy_ViPham!K:K, NhatKy_ViPham!E:E, "10_Toan_A", NhatKy_ViPham!F:F, B10, NhatKy_ViPham!C:C, "T31") -> 100 | AW10: =100 + SUMIFS(NhatKy_ViPham!J:J, NhatKy_ViPham!E:E, "10_Toan_A", NhatKy_ViPham!F:F, B10, NhatKy_ViPham!C:C, "T32") - SUMIFS(NhatKy_ViPham!K:K, NhatKy_ViPham!E:E, "10_Toan_A", NhatKy_ViPham!F:F, B10, NhatKy_ViPham!C:C, "T32") -> 100 | AX10: =100 + SUMIFS(NhatKy_ViPham!J:J, NhatKy_ViPham!E:E, "10_Toan_A", NhatKy_ViPham!F:F, B10, NhatKy_ViPham!C:C, "T33") - SUMIFS(NhatKy_ViPham!K:K, NhatKy_ViPham!E:E, "10_Toan_A", NhatKy_ViPham!F:F, B10, NhatKy_ViPham!C:C, "T33") -> 100 | AY10: =100 + SUMIFS(NhatKy_ViPham!J:J, NhatKy_ViPham!E:E, "10_Toan_A", NhatKy_ViPham!F:F, B10, NhatKy_ViPham!C:C, "T34") - SUMIFS(NhatKy_ViPham!K:K, NhatKy_ViPham!E:E, "10_Toan_A", NhatKy_ViPham!F:F, B10, NhatKy_ViPham!C:C, "T34") -> 100 | AZ10: =100 + SUMIFS(NhatKy_ViPham!J:J, NhatKy_ViPham!E:E, "10_Toan_A", NhatKy_ViPham!F:F, B10, NhatKy_ViPham!C:C, "T35") - SUMIFS(NhatKy_ViPham!K:K, NhatKy_ViPham!E:E, "10_Toan_A", NhatKy_ViPham!F:F, B10, NhatKy_ViPham!C:C, "T35") -> 100 | BA10: =ROUND(AVERAGE(R10:AZ10), 1) -> 99.9 | BB10: Không | BC10: =IF(BB10="Có", "Chưa đạt", IF(BA10>=85, "Tốt", IF(BA10>=70, "Khá", IF(BA10>=50, "Đạt", "Chưa đạt")))) -> Tốt | BD10: =IF(BC10="Chưa đạt", "🔴 Nguy cơ CHƯA ĐẠT", IF(BC10="Đạt", "🟡 CẦN NHẮC NHỞ", "🟢 BÌNH THƯỜNG")) -> 🟢 BÌNH THƯỜNG
A11: 3 | B11: Đinh Nguyệt Ánh | C11: 23/06/2011 | D11: Nữ | E11: Không | F11: =SUMIFS(NhatKy_ViPham!K:K, NhatKy_ViPham!E:E, "10_Toan_A", NhatKy_ViPham!F:F, B11, NhatKy_ViPham!H:H, "L01") -> 0 | G11: =SUMIFS(NhatKy_ViPham!K:K, NhatKy_ViPham!E:E, "10_Toan_A", NhatKy_ViPham!F:F, B11, NhatKy_ViPham!H:H, "L02") -> 0 | H11: =SUMIFS(NhatKy_ViPham!K:K, NhatKy_ViPham!E:E, "10_Toan_A", NhatKy_ViPham!F:F, B11, NhatKy_ViPham!H:H, "L03") -> 0 | I11: =SUMIFS(NhatKy_ViPham!K:K, NhatKy_ViPham!E:E, "10_Toan_A", NhatKy_ViPham!F:F, B11, NhatKy_ViPham!H:H, "L04") -> 0 | J11: =SUMIFS(NhatKy_ViPham!K:K, NhatKy_ViPham!E:E, "10_Toan_A", NhatKy_ViPham!F:F, B11, NhatKy_ViPham!H:H, "L05") -> 0 | K11: =SUMIFS(NhatKy_ViPham!K:K, NhatKy_ViPham!E:E, "10_Toan_A", NhatKy_ViPham!F:F, B11, NhatKy_ViPham!H:H, "L06") -> 0 | L11: =SUMIFS(NhatKy_ViPham!K:K, NhatKy_ViPham!E:E, "10_Toan_A", NhatKy_ViPham!F:F, B11, NhatKy_ViPham!H:H, "L07") -> 0 | M11: =SUMIFS(NhatKy_ViPham!K:K, NhatKy_ViPham!E:E, "10_Toan_A", NhatKy_ViPham!F:F, B11, NhatKy_ViPham!H:H, "L08") -> 0 | N11: =SUMIFS(NhatKy_ViPham!K:K, NhatKy_ViPham!E:E, "10_Toan_A", NhatKy_ViPham!F:F, B11, NhatKy_ViPham!H:H, "L09") -> 0 | O11: =SUMIFS(NhatKy_ViPham!K:K, NhatKy_ViPham!E:E, "10_Toan_A", NhatKy_ViPham!F:F, B11, NhatKy_ViPham!H:H, "L10") -> 0 | P11: =SUMIFS(NhatKy_ViPham!J:J, NhatKy_ViPham!E:E, "10_Toan_A", NhatKy_ViPham!F:F, B11) -> 0 | Q11: =SUMIFS(NhatKy_ViPham!K:K, NhatKy_ViPham!E:E, "10_Toan_A", NhatKy_ViPham!F:F, B11) -> 0 | R11: =100 + SUMIFS(NhatKy_ViPham!J:J, NhatKy_ViPham!E:E, "10_Toan_A", NhatKy_ViPham!F:F, B11, NhatKy_ViPham!C:C, "T1") - SUMIFS(NhatKy_ViPham!K:K, NhatKy_ViPham!E:E, "10_Toan_A", NhatKy_ViPham!F:F, B11, NhatKy_ViPham!C:C, "T1") -> 100 | S11: =100 + SUMIFS(NhatKy_ViPham!J:J, NhatKy_ViPham!E:E, "10_Toan_A", NhatKy_ViPham!F:F, B11, NhatKy_ViPham!C:C, "T2") - SUMIFS(NhatKy_ViPham!K:K, NhatKy_ViPham!E:E, "10_Toan_A", NhatKy_ViPham!F:F, B11, NhatKy_ViPham!C:C, "T2") -> 100 | T11: =100 + SUMIFS(NhatKy_ViPham!J:J, NhatKy_ViPham!E:E, "10_Toan_A", NhatKy_ViPham!F:F, B11, NhatKy_ViPham!C:C, "T3") - SUMIFS(NhatKy_ViPham!K:K, NhatKy_ViPham!E:E, "10_Toan_A", NhatKy_ViPham!F:F, B11, NhatKy_ViPham!C:C, "T3") -> 100 | U11: =100 + SUMIFS(NhatKy_ViPham!J:J, NhatKy_ViPham!E:E, "10_Toan_A", NhatKy_ViPham!F:F, B11, NhatKy_ViPham!C:C, "T4") - SUMIFS(NhatKy_ViPham!K:K, NhatKy_ViPham!E:E, "10_Toan_A", NhatKy_ViPham!F:F, B11, NhatKy_ViPham!C:C, "T4") -> 100 | V11: =100 + SUMIFS(NhatKy_ViPham!J:J, NhatKy_ViPham!E:E, "10_Toan_A", NhatKy_ViPham!F:F, B11, NhatKy_ViPham!C:C, "T5") - SUMIFS(NhatKy_ViPham!K:K, NhatKy_ViPham!E:E, "10_Toan_A", NhatKy_ViPham!F:F, B11, NhatKy_ViPham!C:C, "T5") -> 100 | W11: =100 + SUMIFS(NhatKy_ViPham!J:J, NhatKy_ViPham!E:E, "10_Toan_A", NhatKy_ViPham!F:F, B11, NhatKy_ViPham!C:C, "T6") - SUMIFS(NhatKy_ViPham!K:K, NhatKy_ViPham!E:E, "10_Toan_A", NhatKy_ViPham!F:F, B11, NhatKy_ViPham!C:C, "T6") -> 100 | X11: =100 + SUMIFS(NhatKy_ViPham!J:J, NhatKy_ViPham!E:E, "10_Toan_A", NhatKy_ViPham!F:F, B11, NhatKy_ViPham!C:C, "T7") - SUMIFS(NhatKy_ViPham!K:K, NhatKy_ViPham!E:E, "10_Toan_A", NhatKy_ViPham!F:F, B11, NhatKy_ViPham!C:C, "T7") -> 100 | Y11: =100 + SUMIFS(NhatKy_ViPham!J:J, NhatKy_ViPham!E:E, "10_Toan_A", NhatKy_ViPham!F:F, B11, NhatKy_ViPham!C:C, "T8") - SUMIFS(NhatKy_ViPham!K:K, NhatKy_ViPham!E:E, "10_Toan_A", NhatKy_ViPham!F:F, B11, NhatKy_ViPham!C:C, "T8") -> 100 | Z11: =100 + SUMIFS(NhatKy_ViPham!J:J, NhatKy_ViPham!E:E, "10_Toan_A", NhatKy_ViPham!F:F, B11, NhatKy_ViPham!C:C, "T9") - SUMIFS(NhatKy_ViPham!K:K, NhatKy_ViPham!E:E, "10_Toan_A", NhatKy_ViPham!F:F, B11, NhatKy_ViPham!C:C, "T9") -> 100 | AA11: =100 + SUMIFS(NhatKy_ViPham!J:J, NhatKy_ViPham!E:E, "10_Toan_A", NhatKy_ViPham!F:F, B11, NhatKy_ViPham!C:C, "T10") - SUMIFS(NhatKy_ViPham!K:K, NhatKy_ViPham!E:E, "10_Toan_A", NhatKy_ViPham!F:F, B11, NhatKy_ViPham!C:C, "T10") -> 100 | AB11: =100 + SUMIFS(NhatKy_ViPham!J:J, NhatKy_ViPham!E:E, "10_Toan_A", NhatKy_ViPham!F:F, B11, NhatKy_ViPham!C:C, "T11") - SUMIFS(NhatKy_ViPham!K:K, NhatKy_ViPham!E:E, "10_Toan_A", NhatKy_ViPham!F:F, B11, NhatKy_ViPham!C:C, "T11") -> 100 | AC11: =100 + SUMIFS(NhatKy_ViPham!J:J, NhatKy_ViPham!E:E, "10_Toan_A", NhatKy_ViPham!F:F, B11, NhatKy_ViPham!C:C, "T12") - SUMIFS(NhatKy_ViPham!K:K, NhatKy_ViPham!E:E, "10_Toan_A", NhatKy_ViPham!F:F, B11, NhatKy_ViPham!C:C, "T12") -> 100 | AD11: =100 + SUMIFS(NhatKy_ViPham!J:J, NhatKy_ViPham!E:E, "10_Toan_A", NhatKy_ViPham!F:F, B11, NhatKy_ViPham!C:C, "T13") - SUMIFS(NhatKy_ViPham!K:K, NhatKy_ViPham!E:E, "10_Toan_A", NhatKy_ViPham!F:F, B11, NhatKy_ViPham!C:C, "T13") -> 100 | AE11: =100 + SUMIFS(NhatKy_ViPham!J:J, NhatKy_ViPham!E:E, "10_Toan_A", NhatKy_ViPham!F:F, B11, NhatKy_ViPham!C:C, "T14") - SUMIFS(NhatKy_ViPham!K:K, NhatKy_ViPham!E:E, "10_Toan_A", NhatKy_ViPham!F:F, B11, NhatKy_ViPham!C:C, "T14") -> 100 | AF11: =100 + SUMIFS(NhatKy_ViPham!J:J, NhatKy_ViPham!E:E, "10_Toan_A", NhatKy_ViPham!F:F, B11, NhatKy_ViPham!C:C, "T15") - SUMIFS(NhatKy_ViPham!K:K, NhatKy_ViPham!E:E, "10_Toan_A", NhatKy_ViPham!F:F, B11, NhatKy_ViPham!C:C, "T15") -> 100 | AG11: =100 + SUMIFS(NhatKy_ViPham!J:J, NhatKy_ViPham!E:E, "10_Toan_A", NhatKy_ViPham!F:F, B11, NhatKy_ViPham!C:C, "T16") - SUMIFS(NhatKy_ViPham!K:K, NhatKy_ViPham!E:E, "10_Toan_A", NhatKy_ViPham!F:F, B11, NhatKy_ViPham!C:C, "T16") -> 100 | AH11: =100 + SUMIFS(NhatKy_ViPham!J:J, NhatKy_ViPham!E:E, "10_Toan_A", NhatKy_ViPham!F:F, B11, NhatKy_ViPham!C:C, "T17") - SUMIFS(NhatKy_ViPham!K:K, NhatKy_ViPham!E:E, "10_Toan_A", NhatKy_ViPham!F:F, B11, NhatKy_ViPham!C:C, "T17") -> 100 | AI11: =100 + SUMIFS(NhatKy_ViPham!J:J, NhatKy_ViPham!E:E, "10_Toan_A", NhatKy_ViPham!F:F, B11, NhatKy_ViPham!C:C, "T18") - SUMIFS(NhatKy_ViPham!K:K, NhatKy_ViPham!E:E, "10_Toan_A", NhatKy_ViPham!F:F, B11, NhatKy_ViPham!C:C, "T18") -> 100 | AJ11: =100 + SUMIFS(NhatKy_ViPham!J:J, NhatKy_ViPham!E:E, "10_Toan_A", NhatKy_ViPham!F:F, B11, NhatKy_ViPham!C:C, "T19") - SUMIFS(NhatKy_ViPham!K:K, NhatKy_ViPham!E:E, "10_Toan_A", NhatKy_ViPham!F:F, B11, NhatKy_ViPham!C:C, "T19") -> 100 | AK11: =100 + SUMIFS(NhatKy_ViPham!J:J, NhatKy_ViPham!E:E, "10_Toan_A", NhatKy_ViPham!F:F, B11, NhatKy_ViPham!C:C, "T20") - SUMIFS(NhatKy_ViPham!K:K, NhatKy_ViPham!E:E, "10_Toan_A", NhatKy_ViPham!F:F, B11, NhatKy_ViPham!C:C, "T20") -> 100 | AL11: =100 + SUMIFS(NhatKy_ViPham!J:J, NhatKy_ViPham!E:E, "10_Toan_A", NhatKy_ViPham!F:F, B11, NhatKy_ViPham!C:C, "T21") - SUMIFS(NhatKy_ViPham!K:K, NhatKy_ViPham!E:E, "10_Toan_A", NhatKy_ViPham!F:F, B11, NhatKy_ViPham!C:C, "T21") -> 100 | AM11: =100 + SUMIFS(NhatKy_ViPham!J:J, NhatKy_ViPham!E:E, "10_Toan_A", NhatKy_ViPham!F:F, B11, NhatKy_ViPham!C:C, "T22") - SUMIFS(NhatKy_ViPham!K:K, NhatKy_ViPham!E:E, "10_Toan_A", NhatKy_ViPham!F:F, B11, NhatKy_ViPham!C:C, "T22") -> 100 | AN11: =100 + SUMIFS(NhatKy_ViPham!J:J, NhatKy_ViPham!E:E, "10_Toan_A", NhatKy_ViPham!F:F, B11, NhatKy_ViPham!C:C, "T23") - SUMIFS(NhatKy_ViPham!K:K, NhatKy_ViPham!E:E, "10_Toan_A", NhatKy_ViPham!F:F, B11, NhatKy_ViPham!C:C, "T23") -> 100 | AO11: =100 + SUMIFS(NhatKy_ViPham!J:J, NhatKy_ViPham!E:E, "10_Toan_A", NhatKy_ViPham!F:F, B11, NhatKy_ViPham!C:C, "T24") - SUMIFS(NhatKy_ViPham!K:K, NhatKy_ViPham!E:E, "10_Toan_A", NhatKy_ViPham!F:F, B11, NhatKy_ViPham!C:C, "T24") -> 100 | AP11: =100 + SUMIFS(NhatKy_ViPham!J:J, NhatKy_ViPham!E:E, "10_Toan_A", NhatKy_ViPham!F:F, B11, NhatKy_ViPham!C:C, "T25") - SUMIFS(NhatKy_ViPham!K:K, NhatKy_ViPham!E:E, "10_Toan_A", NhatKy_ViPham!F:F, B11, NhatKy_ViPham!C:C, "T25") -> 100 | AQ11: =100 + SUMIFS(NhatKy_ViPham!J:J, NhatKy_ViPham!E:E, "10_Toan_A", NhatKy_ViPham!F:F, B11, NhatKy_ViPham!C:C, "T26") - SUMIFS(NhatKy_ViPham!K:K, NhatKy_ViPham!E:E, "10_Toan_A", NhatKy_ViPham!F:F, B11, NhatKy_ViPham!C:C, "T26") -> 100 | AR11: =100 + SUMIFS(NhatKy_ViPham!J:J, NhatKy_ViPham!E:E, "10_Toan_A", NhatKy_ViPham!F:F, B11, NhatKy_ViPham!C:C, "T27") - SUMIFS(NhatKy_ViPham!K:K, NhatKy_ViPham!E:E, "10_Toan_A", NhatKy_ViPham!F:F, B11, NhatKy_ViPham!C:C, "T27") -> 100 | AS11: =100 + SUMIFS(NhatKy_ViPham!J:J, NhatKy_ViPham!E:E, "10_Toan_A", NhatKy_ViPham!F:F, B11, NhatKy_ViPham!C:C, "T28") - SUMIFS(NhatKy_ViPham!K:K, NhatKy_ViPham!E:E, "10_Toan_A", NhatKy_ViPham!F:F, B11, NhatKy_ViPham!C:C, "T28") -> 100 | AT11: =100 + SUMIFS(NhatKy_ViPham!J:J, NhatKy_ViPham!E:E, "10_Toan_A", NhatKy_ViPham!F:F, B11, NhatKy_ViPham!C:C, "T29") - SUMIFS(NhatKy_ViPham!K:K, NhatKy_ViPham!E:E, "10_Toan_A", NhatKy_ViPham!F:F, B11, NhatKy_ViPham!C:C, "T29") -> 100 | AU11: =100 + SUMIFS(NhatKy_ViPham!J:J, NhatKy_ViPham!E:E, "10_Toan_A", NhatKy_ViPham!F:F, B11, NhatKy_ViPham!C:C, "T30") - SUMIFS(NhatKy_ViPham!K:K, NhatKy_ViPham!E:E, "10_Toan_A", NhatKy_ViPham!F:F, B11, NhatKy_ViPham!C:C, "T30") -> 100 | AV11: =100 + SUMIFS(NhatKy_ViPham!J:J, NhatKy_ViPham!E:E, "10_Toan_A", NhatKy_ViPham!F:F, B11, NhatKy_ViPham!C:C, "T31") - SUMIFS(NhatKy_ViPham!K:K, NhatKy_ViPham!E:E, "10_Toan_A", NhatKy_ViPham!F:F, B11, NhatKy_ViPham!C:C, "T31") -> 100 | AW11: =100 + SUMIFS(NhatKy_ViPham!J:J, NhatKy_ViPham!E:E, "10_Toan_A", NhatKy_ViPham!F:F, B11, NhatKy_ViPham!C:C, "T32") - SUMIFS(NhatKy_ViPham!K:K, NhatKy_ViPham!E:E, "10_Toan_A", NhatKy_ViPham!F:F, B11, NhatKy_ViPham!C:C, "T32") -> 100 | AX11: =100 + SUMIFS(NhatKy_ViPham!J:J, NhatKy_ViPham!E:E, "10_Toan_A", NhatKy_ViPham!F:F, B11, NhatKy_ViPham!C:C, "T33") - SUMIFS(NhatKy_ViPham!K:K, NhatKy_ViPham!E:E, "10_Toan_A", NhatKy_ViPham!F:F, B11, NhatKy_ViPham!C:C, "T33") -> 100 | AY11: =100 + SUMIFS(NhatKy_ViPham!J:J, NhatKy_ViPham!E:E, "10_Toan_A", NhatKy_ViPham!F:F, B11, NhatKy_ViPham!C:C, "T34") - SUMIFS(NhatKy_ViPham!K:K, NhatKy_ViPham!E:E, "10_Toan_A", NhatKy_ViPham!F:F, B11, NhatKy_ViPham!C:C, "T34") -> 100 | AZ11: =100 + SUMIFS(NhatKy_ViPham!J:J, NhatKy_ViPham!E:E, "10_Toan_A", NhatKy_ViPham!F:F, B11, NhatKy_ViPham!C:C, "T35") - SUMIFS(NhatKy_ViPham!K:K, NhatKy_ViPham!E:E, "10_Toan_A", NhatKy_ViPham!F:F, B11, NhatKy_ViPham!C:C, "T35") -> 100 | BA11: =ROUND(AVERAGE(R11:AZ11), 1) -> 100 | BB11: Không | BC11: =IF(BB11="Có", "Chưa đạt", IF(BA11>=85, "Tốt", IF(BA11>=70, "Khá", IF(BA11>=50, "Đạt", "Chưa đạt")))) -> Tốt | BD11: =IF(BC11="Chưa đạt", "🔴 Nguy cơ CHƯA ĐẠT", IF(BC11="Đạt", "🟡 CẦN NHẮC NHỞ", "🟢 BÌNH THƯỜNG")) -> 🟢 BÌNH THƯỜNG
A12: 4 | B12: Nguyễn Hoàng Bách | C12: 17/10/2011 | D12: Nam | E12: Không | F12: =SUMIFS(NhatKy_ViPham!K:K, NhatKy_ViPham!E:E, "10_Toan_A", NhatKy_ViPham!F:F, B12, NhatKy_ViPham!H:H, "L01") -> 0 | G12: =SUMIFS(NhatKy_ViPham!K:K, NhatKy_ViPham!E:E, "10_Toan_A", NhatKy_ViPham!F:F, B12, NhatKy_ViPham!H:H, "L02") -> 0 | H12: =SUMIFS(NhatKy_ViPham!K:K, NhatKy_ViPham!E:E, "10_Toan_A", NhatKy_ViPham!F:F, B12, NhatKy_ViPham!H:H, "L03") -> 0 | I12: =SUMIFS(NhatKy_ViPham!K:K, NhatKy_ViPham!E:E, "10_Toan_A", NhatKy_ViPham!F:F, B12, NhatKy_ViPham!H:H, "L04") -> 0 | J12: =SUMIFS(NhatKy_ViPham!K:K, NhatKy_ViPham!E:E, "10_Toan_A", NhatKy_ViPham!F:F, B12, NhatKy_ViPham!H:H, "L05") -> 0 | K12: =SUMIFS(NhatKy_ViPham!K:K, NhatKy_ViPham!E:E, "10_Toan_A", NhatKy_ViPham!F:F, B12, NhatKy_ViPham!H:H, "L06") -> 5 | L12: =SUMIFS(NhatKy_ViPham!K:K, NhatKy_ViPham!E:E, "10_Toan_A", NhatKy_ViPham!F:F, B12, NhatKy_ViPham!H:H, "L07") -> 0 | M12: =SUMIFS(NhatKy_ViPham!K:K, NhatKy_ViPham!E:E, "10_Toan_A", NhatKy_ViPham!F:F, B12, NhatKy_ViPham!H:H, "L08") -> 0 | N12: =SUMIFS(NhatKy_ViPham!K:K, NhatKy_ViPham!E:E, "10_Toan_A", NhatKy_ViPham!F:F, B12, NhatKy_ViPham!H:H, "L09") -> 0 | O12: =SUMIFS(NhatKy_ViPham!K:K, NhatKy_ViPham!E:E, "10_Toan_A", NhatKy_ViPham!F:F, B12, NhatKy_ViPham!H:H, "L10") -> 0 | P12: =SUMIFS(NhatKy_ViPham!J:J, NhatKy_ViPham!E:E, "10_Toan_A", NhatKy_ViPham!F:F, B12) -> 0 | Q12: =SUMIFS(NhatKy_ViPham!K:K, NhatKy_ViPham!E:E, "10_Toan_A", NhatKy_ViPham!F:F, B12) -> 5 | R12: =100 + SUMIFS(NhatKy_ViPham!J:J, NhatKy_ViPham!E:E, "10_Toan_A", NhatKy_ViPham!F:F, B12, NhatKy_ViPham!C:C, "T1") - SUMIFS(NhatKy_ViPham!K:K, NhatKy_ViPham!E:E, "10_Toan_A", NhatKy_ViPham!F:F, B12, NhatKy_ViPham!C:C, "T1") -> 100 | S12: =100 + SUMIFS(NhatKy_ViPham!J:J, NhatKy_ViPham!E:E, "10_Toan_A", NhatKy_ViPham!F:F, B12, NhatKy_ViPham!C:C, "T2") - SUMIFS(NhatKy_ViPham!K:K, NhatKy_ViPham!E:E, "10_Toan_A", NhatKy_ViPham!F:F, B12, NhatKy_ViPham!C:C, "T2") -> 95 | T12: =100 + SUMIFS(NhatKy_ViPham!J:J, NhatKy_ViPham!E:E, "10_Toan_A", NhatKy_ViPham!F:F, B12, NhatKy_ViPham!C:C, "T3") - SUMIFS(NhatKy_ViPham!K:K, NhatKy_ViPham!E:E, "10_Toan_A", NhatKy_ViPham!F:F, B12, NhatKy_ViPham!C:C, "T3") -> 100 | U12: =100 + SUMIFS(NhatKy_ViPham!J:J, NhatKy_ViPham!E:E, "10_Toan_A", NhatKy_ViPham!F:F, B12, NhatKy_ViPham!C:C, "T4") - SUMIFS(NhatKy_ViPham!K:K, NhatKy_ViPham!E:E, "10_Toan_A", NhatKy_ViPham!F:F, B12, NhatKy_ViPham!C:C, "T4") -> 100 | V12: =100 + SUMIFS(NhatKy_ViPham!J:J, NhatKy_ViPham!E:E, "10_Toan_A", NhatKy_ViPham!F:F, B12, NhatKy_ViPham!C:C, "T5") - SUMIFS(NhatKy_ViPham!K:K, NhatKy_ViPham!E:E, "10_Toan_A", NhatKy_ViPham!F:F, B12, NhatKy_ViPham!C:C, "T5") -> 100 | W12: =100 + SUMIFS(NhatKy_ViPham!J:J, NhatKy_ViPham!E:E, "10_Toan_A", NhatKy_ViPham!F:F, B12, NhatKy_ViPham!C:C, "T6") - SUMIFS(NhatKy_ViPham!K:K, NhatKy_ViPham!E:E, "10_Toan_A", NhatKy_ViPham!F:F, B12, NhatKy_ViPham!C:C, "T6") -> 100 | X12: =100 + SUMIFS(NhatKy_ViPham!J:J, NhatKy_ViPham!E:E, "10_Toan_A", NhatKy_ViPham!F:F, B12, NhatKy_ViPham!C:C, "T7") - SUMIFS(NhatKy_ViPham!K:K, NhatKy_ViPham!E:E, "10_Toan_A", NhatKy_ViPham!F:F, B12, NhatKy_ViPham!C:C, "T7") -> 100 | Y12: =100 + SUMIFS(NhatKy_ViPham!J:J, NhatKy_ViPham!E:E, "10_Toan_A", NhatKy_ViPham!F:F, B12, NhatKy_ViPham!C:C, "T8") - SUMIFS(NhatKy_ViPham!K:K, NhatKy_ViPham!E:E, "10_Toan_A", NhatKy_ViPham!F:F, B12, NhatKy_ViPham!C:C, "T8") -> 100 | Z12: =100 + SUMIFS(NhatKy_ViPham!J:J, NhatKy_ViPham!E:E, "10_Toan_A", NhatKy_ViPham!F:F, B12, NhatKy_ViPham!C:C, "T9") - SUMIFS(NhatKy_ViPham!K:K, NhatKy_ViPham!E:E, "10_Toan_A", NhatKy_ViPham!F:F, B12, NhatKy_ViPham!C:C, "T9") -> 100 | AA12: =100 + SUMIFS(NhatKy_ViPham!J:J, NhatKy_ViPham!E:E, "10_Toan_A", NhatKy_ViPham!F:F, B12, NhatKy_ViPham!C:C, "T10") - SUMIFS(NhatKy_ViPham!K:K, NhatKy_ViPham!E:E, "10_Toan_A", NhatKy_ViPham!F:F, B12, NhatKy_ViPham!C:C, "T10") -> 100 | AB12: =100 + SUMIFS(NhatKy_ViPham!J:J, NhatKy_ViPham!E:E, "10_Toan_A", NhatKy_ViPham!F:F, B12, NhatKy_ViPham!C:C, "T11") - SUMIFS(NhatKy_ViPham!K:K, NhatKy_ViPham!E:E, "10_Toan_A", NhatKy_ViPham!F:F, B12, NhatKy_ViPham!C:C, "T11") -> 100 | AC12: =100 + SUMIFS(NhatKy_ViPham!J:J, NhatKy_ViPham!E:E, "10_Toan_A", NhatKy_ViPham!F:F, B12, NhatKy_ViPham!C:C, "T12") - SUMIFS(NhatKy_ViPham!K:K, NhatKy_ViPham!E:E, "10_Toan_A", NhatKy_ViPham!F:F, B12, NhatKy_ViPham!C:C, "T12") -> 100 | AD12: =100 + SUMIFS(NhatKy_ViPham!J:J, NhatKy_ViPham!E:E, "10_Toan_A", NhatKy_ViPham!F:F, B12, NhatKy_ViPham!C:C, "T13") - SUMIFS(NhatKy_ViPham!K:K, NhatKy_ViPham!E:E, "10_Toan_A", NhatKy_ViPham!F:F, B12, NhatKy_ViPham!C:C, "T13") -> 100 | AE12: =100 + SUMIFS(NhatKy_ViPham!J:J, NhatKy_ViPham!E:E, "10_Toan_A", NhatKy_ViPham!F:F, B12, NhatKy_ViPham!C:C, "T14") - SUMIFS(NhatKy_ViPham!K:K, NhatKy_ViPham!E:E, "10_Toan_A", NhatKy_ViPham!F:F, B12, NhatKy_ViPham!C:C, "T14") -> 100 | AF12: =100 + SUMIFS(NhatKy_ViPham!J:J, NhatKy_ViPham!E:E, "10_Toan_A", NhatKy_ViPham!F:F, B12, NhatKy_ViPham!C:C, "T15") - SUMIFS(NhatKy_ViPham!K:K, NhatKy_ViPham!E:E, "10_Toan_A", NhatKy_ViPham!F:F, B12, NhatKy_ViPham!C:C, "T15") -> 100 | AG12: =100 + SUMIFS(NhatKy_ViPham!J:J, NhatKy_ViPham!E:E, "10_Toan_A", NhatKy_ViPham!F:F, B12, NhatKy_ViPham!C:C, "T16") - SUMIFS(NhatKy_ViPham!K:K, NhatKy_ViPham!E:E, "10_Toan_A", NhatKy_ViPham!F:F, B12, NhatKy_ViPham!C:C, "T16") -> 100 | AH12: =100 + SUMIFS(NhatKy_ViPham!J:J, NhatKy_ViPham!E:E, "10_Toan_A", NhatKy_ViPham!F:F, B12, NhatKy_ViPham!C:C, "T17") - SUMIFS(NhatKy_ViPham!K:K, NhatKy_ViPham!E:E, "10_Toan_A", NhatKy_ViPham!F:F, B12, NhatKy_ViPham!C:C, "T17") -> 100 | AI12: =100 + SUMIFS(NhatKy_ViPham!J:J, NhatKy_ViPham!E:E, "10_Toan_A", NhatKy_ViPham!F:F, B12, NhatKy_ViPham!C:C, "T18") - SUMIFS(NhatKy_ViPham!K:K, NhatKy_ViPham!E:E, "10_Toan_A", NhatKy_ViPham!F:F, B12, NhatKy_ViPham!C:C, "T18") -> 100 | AJ12: =100 + SUMIFS(NhatKy_ViPham!J:J, NhatKy_ViPham!E:E, "10_Toan_A", NhatKy_ViPham!F:F, B12, NhatKy_ViPham!C:C, "T19") - SUMIFS(NhatKy_ViPham!K:K, NhatKy_ViPham!E:E, "10_Toan_A", NhatKy_ViPham!F:F, B12, NhatKy_ViPham!C:C, "T19") -> 100 | AK12: =100 + SUMIFS(NhatKy_ViPham!J:J, NhatKy_ViPham!E:E, "10_Toan_A", NhatKy_ViPham!F:F, B12, NhatKy_ViPham!C:C, "T20") - SUMIFS(NhatKy_ViPham!K:K, NhatKy_ViPham!E:E, "10_Toan_A", NhatKy_ViPham!F:F, B12, NhatKy_ViPham!C:C, "T20") -> 100 | AL12: =100 + SUMIFS(NhatKy_ViPham!J:J, NhatKy_ViPham!E:E, "10_Toan_A", NhatKy_ViPham!F:F, B12, NhatKy_ViPham!C:C, "T21") - SUMIFS(NhatKy_ViPham!K:K, NhatKy_ViPham!E:E, "10_Toan_A", NhatKy_ViPham!F:F, B12, NhatKy_ViPham!C:C, "T21") -> 100 | AM12: =100 + SUMIFS(NhatKy_ViPham!J:J, NhatKy_ViPham!E:E, "10_Toan_A", NhatKy_ViPham!F:F, B12, NhatKy_ViPham!C:C, "T22") - SUMIFS(NhatKy_ViPham!K:K, NhatKy_ViPham!E:E, "10_Toan_A", NhatKy_ViPham!F:F, B12, NhatKy_ViPham!C:C, "T22") -> 100 | AN12: =100 + SUMIFS(NhatKy_ViPham!J:J, NhatKy_ViPham!E:E, "10_Toan_A", NhatKy_ViPham!F:F, B12, NhatKy_ViPham!C:C, "T23") - SUMIFS(NhatKy_ViPham!K:K, NhatKy_ViPham!E:E, "10_Toan_A", NhatKy_ViPham!F:F, B12, NhatKy_ViPham!C:C, "T23") -> 100 | AO12: =100 + SUMIFS(NhatKy_ViPham!J:J, NhatKy_ViPham!E:E, "10_Toan_A", NhatKy_ViPham!F:F, B12, NhatKy_ViPham!C:C, "T24") - SUMIFS(NhatKy_ViPham!K:K, NhatKy_ViPham!E:E, "10_Toan_A", NhatKy_ViPham!F:F, B12, NhatKy_ViPham!C:C, "T24") -> 100 | AP12: =100 + SUMIFS(NhatKy_ViPham!J:J, NhatKy_ViPham!E:E, "10_Toan_A", NhatKy_ViPham!F:F, B12, NhatKy_ViPham!C:C, "T25") - SUMIFS(NhatKy_ViPham!K:K, NhatKy_ViPham!E:E, "10_Toan_A", NhatKy_ViPham!F:F, B12, NhatKy_ViPham!C:C, "T25") -> 100 | AQ12: =100 + SUMIFS(NhatKy_ViPham!J:J, NhatKy_ViPham!E:E, "10_Toan_A", NhatKy_ViPham!F:F, B12, NhatKy_ViPham!C:C, "T26") - SUMIFS(NhatKy_ViPham!K:K, NhatKy_ViPham!E:E, "10_Toan_A", NhatKy_ViPham!F:F, B12, NhatKy_ViPham!C:C, "T26") -> 100 | AR12: =100 + SUMIFS(NhatKy_ViPham!J:J, NhatKy_ViPham!E:E, "10_Toan_A", NhatKy_ViPham!F:F, B12, NhatKy_ViPham!C:C, "T27") - SUMIFS(NhatKy_ViPham!K:K, NhatKy_ViPham!E:E, "10_Toan_A", NhatKy_ViPham!F:F, B12, NhatKy_ViPham!C:C, "T27") -> 100 | AS12: =100 + SUMIFS(NhatKy_ViPham!J:J, NhatKy_ViPham!E:E, "10_Toan_A", NhatKy_ViPham!F:F, B12, NhatKy_ViPham!C:C, "T28") - SUMIFS(NhatKy_ViPham!K:K, NhatKy_ViPham!E:E, "10_Toan_A", NhatKy_ViPham!F:F, B12, NhatKy_ViPham!C:C, "T28") -> 100 | AT12: =100 + SUMIFS(NhatKy_ViPham!J:J, NhatKy_ViPham!E:E, "10_Toan_A", NhatKy_ViPham!F:F, B12, NhatKy_ViPham!C:C, "T29") - SUMIFS(NhatKy_ViPham!K:K, NhatKy_ViPham!E:E, "10_Toan_A", NhatKy_ViPham!F:F, B12, NhatKy_ViPham!C:C, "T29") -> 100 | AU12: =100 + SUMIFS(NhatKy_ViPham!J:J, NhatKy_ViPham!E:E, "10_Toan_A", NhatKy_ViPham!F:F, B12, NhatKy_ViPham!C:C, "T30") - SUMIFS(NhatKy_ViPham!K:K, NhatKy_ViPham!E:E, "10_Toan_A", NhatKy_ViPham!F:F, B12, NhatKy_ViPham!C:C, "T30") -> 100 | AV12: =100 + SUMIFS(NhatKy_ViPham!J:J, NhatKy_ViPham!E:E, "10_Toan_A", NhatKy_ViPham!F:F, B12, NhatKy_ViPham!C:C, "T31") - SUMIFS(NhatKy_ViPham!K:K, NhatKy_ViPham!E:E, "10_Toan_A", NhatKy_ViPham!F:F, B12, NhatKy_ViPham!C:C, "T31") -> 100 | AW12: =100 + SUMIFS(NhatKy_ViPham!J:J, NhatKy_ViPham!E:E, "10_Toan_A", NhatKy_ViPham!F:F, B12, NhatKy_ViPham!C:C, "T32") - SUMIFS(NhatKy_ViPham!K:K, NhatKy_ViPham!E:E, "10_Toan_A", NhatKy_ViPham!F:F, B12, NhatKy_ViPham!C:C, "T32") -> 100 | AX12: =100 + SUMIFS(NhatKy_ViPham!J:J, NhatKy_ViPham!E:E, "10_Toan_A", NhatKy_ViPham!F:F, B12, NhatKy_ViPham!C:C, "T33") - SUMIFS(NhatKy_ViPham!K:K, NhatKy_ViPham!E:E, "10_Toan_A", NhatKy_ViPham!F:F, B12, NhatKy_ViPham!C:C, "T33") -> 100 | AY12: =100 + SUMIFS(NhatKy_ViPham!J:J, NhatKy_ViPham!E:E, "10_Toan_A", NhatKy_ViPham!F:F, B12, NhatKy_ViPham!C:C, "T34") - SUMIFS(NhatKy_ViPham!K:K, NhatKy_ViPham!E:E, "10_Toan_A", NhatKy_ViPham!F:F, B12, NhatKy_ViPham!C:C, "T34") -> 100 | AZ12: =100 + SUMIFS(NhatKy_ViPham!J:J, NhatKy_ViPham!E:E, "10_Toan_A", NhatKy_ViPham!F:F, B12, NhatKy_ViPham!C:C, "T35") - SUMIFS(NhatKy_ViPham!K:K, NhatKy_ViPham!E:E, "10_Toan_A", NhatKy_ViPham!F:F, B12, NhatKy_ViPham!C:C, "T35") -> 100 | BA12: =ROUND(AVERAGE(R12:AZ12), 1) -> 99.9 | BB12: Không | BC12: =IF(BB12="Có", "Chưa đạt", IF(BA12>=85, "Tốt", IF(BA12>=70, "Khá", IF(BA12>=50, "Đạt", "Chưa đạt")))) -> Tốt | BD12: =IF(BC12="Chưa đạt", "🔴 Nguy cơ CHƯA ĐẠT", IF(BC12="Đạt", "🟡 CẦN NHẮC NHỞ", "🟢 BÌNH THƯỜNG")) -> 🟢 BÌNH THƯỜNG
A13: 5 | B13: Ngô Việt Cường | C13: 29/04/2011 | D13: Nam | E13: Không | F13: =SUMIFS(NhatKy_ViPham!K:K, NhatKy_ViPham!E:E, "10_Toan_A", NhatKy_ViPham!F:F, B13, NhatKy_ViPham!H:H, "L01") -> 0 | G13: =SUMIFS(NhatKy_ViPham!K:K, NhatKy_ViPham!E:E, "10_Toan_A", NhatKy_ViPham!F:F, B13, NhatKy_ViPham!H:H, "L02") -> 0 | H13: =SUMIFS(NhatKy_ViPham!K:K, NhatKy_ViPham!E:E, "10_Toan_A", NhatKy_ViPham!F:F, B13, NhatKy_ViPham!H:H, "L03") -> 0 | I13: =SUMIFS(NhatKy_ViPham!K:K, NhatKy_ViPham!E:E, "10_Toan_A", NhatKy_ViPham!F:F, B13, NhatKy_ViPham!H:H, "L04") -> 0 | J13: =SUMIFS(NhatKy_ViPham!K:K, NhatKy_ViPham!E:E, "10_Toan_A", NhatKy_ViPham!F:F, B13, NhatKy_ViPham!H:H, "L05") -> 0 | K13: =SUMIFS(NhatKy_ViPham!K:K, NhatKy_ViPham!E:E, "10_Toan_A", NhatKy_ViPham!F:F, B13, NhatKy_ViPham!H:H, "L06") -> 0 | L13: =SUMIFS(NhatKy_ViPham!K:K, NhatKy_ViPham!E:E, "10_Toan_A", NhatKy_ViPham!F:F, B13, NhatKy_ViPham!H:H, "L07") -> 0 | M13: =SUMIFS(NhatKy_ViPham!K:K, NhatKy_ViPham!E:E, "10_Toan_A", NhatKy_ViPham!F:F, B13, NhatKy_ViPham!H:H, "L08") -> 0 | N13: =SUMIFS(NhatKy_ViPham!K:K, NhatKy_ViPham!E:E, "10_Toan_A", NhatKy_ViPham!F:F, B13, NhatKy_ViPham!H:H, "L09") -> 0 | O13: =SUMIFS(NhatKy_ViPham!K:K, NhatKy_ViPham!E:E, "10_Toan_A", NhatKy_ViPham!F:F, B13, NhatKy_ViPham!H:H, "L10") -> 0 | P13: =SUMIFS(NhatKy_ViPham!J:J, NhatKy_ViPham!E:E, "10_Toan_A", NhatKy_ViPham!F:F, B13) -> 0 | Q13: =SUMIFS(NhatKy_ViPham!K:K, NhatKy_ViPham!E:E, "10_Toan_A", NhatKy_ViPham!F:F, B13) -> 0 | R13: =100 + SUMIFS(NhatKy_ViPham!J:J, NhatKy_ViPham!E:E, "10_Toan_A", NhatKy_ViPham!F:F, B13, NhatKy_ViPham!C:C, "T1") - SUMIFS(NhatKy_ViPham!K:K, NhatKy_ViPham!E:E, "10_Toan_A", NhatKy_ViPham!F:F, B13, NhatKy_ViPham!C:C, "T1") -> 100 | S13: =100 + SUMIFS(NhatKy_ViPham!J:J, NhatKy_ViPham!E:E, "10_Toan_A", NhatKy_ViPham!F:F, B13, NhatKy_ViPham!C:C, "T2") - SUMIFS(NhatKy_ViPham!K:K, NhatKy_ViPham!E:E, "10_Toan_A", NhatKy_ViPham!F:F, B13, NhatKy_ViPham!C:C, "T2") -> 100 | T13: =100 + SUMIFS(NhatKy_ViPham!J:J, NhatKy_ViPham!E:E, "10_Toan_A", NhatKy_ViPham!F:F, B13, NhatKy_ViPham!C:C, "T3") - SUMIFS(NhatKy_ViPham!K:K, NhatKy_ViPham!E:E, "10_Toan_A", NhatKy_ViPham!F:F, B13, NhatKy_ViPham!C:C, "T3") -> 100 | U13: =100 + SUMIFS(NhatKy_ViPham!J:J, NhatKy_ViPham!E:E, "10_Toan_A", NhatKy_ViPham!F:F, B13, NhatKy_ViPham!C:C, "T4") - SUMIFS(NhatKy_ViPham!K:K, NhatKy_ViPham!E:E, "10_Toan_A", NhatKy_ViPham!F:F, B13, NhatKy_ViPham!C:C, "T4") -> 100 | V13: =100 + SUMIFS(NhatKy_ViPham!J:J, NhatKy_ViPham!E:E, "10_Toan_A", NhatKy_ViPham!F:F, B13, NhatKy_ViPham!C:C, "T5") - SUMIFS(NhatKy_ViPham!K:K, NhatKy_ViPham!E:E, "10_Toan_A", NhatKy_ViPham!F:F, B13, NhatKy_ViPham!C:C, "T5") -> 100 | W13: =100 + SUMIFS(NhatKy_ViPham!J:J, NhatKy_ViPham!E:E, "10_Toan_A", NhatKy_ViPham!F:F, B13, NhatKy_ViPham!C:C, "T6") - SUMIFS(NhatKy_ViPham!K:K, NhatKy_ViPham!E:E, "10_Toan_A", NhatKy_ViPham!F:F, B13, NhatKy_ViPham!C:C, "T6") -> 100 | X13: =100 + SUMIFS(NhatKy_ViPham!J:J, NhatKy_ViPham!E:E, "10_Toan_A", NhatKy_ViPham!F:F, B13, NhatKy_ViPham!C:C, "T7") - SUMIFS(NhatKy_ViPham!K:K, NhatKy_ViPham!E:E, "10_Toan_A", NhatKy_ViPham!F:F, B13, NhatKy_ViPham!C:C, "T7") -> 100 | Y13: =100 + SUMIFS(NhatKy_ViPham!J:J, NhatKy_ViPham!E:E, "10_Toan_A", NhatKy_ViPham!F:F, B13, NhatKy_ViPham!C:C, "T8") - SUMIFS(NhatKy_ViPham!K:K, NhatKy_ViPham!E:E, "10_Toan_A", NhatKy_ViPham!F:F, B13, NhatKy_ViPham!C:C, "T8") -> 100 | Z13: =100 + SUMIFS(NhatKy_ViPham!J:J, NhatKy_ViPham!E:E, "10_Toan_A", NhatKy_ViPham!F:F, B13, NhatKy_ViPham!C:C, "T9") - SUMIFS(NhatKy_ViPham!K:K, NhatKy_ViPham!E:E, "10_Toan_A", NhatKy_ViPham!F:F, B13, NhatKy_ViPham!C:C, "T9") -> 100 | AA13: =100 + SUMIFS(NhatKy_ViPham!J:J, NhatKy_ViPham!E:E, "10_Toan_A", NhatKy_ViPham!F:F, B13, NhatKy_ViPham!C:C, "T10") - SUMIFS(NhatKy_ViPham!K:K, NhatKy_ViPham!E:E, "10_Toan_A", NhatKy_ViPham!F:F, B13, NhatKy_ViPham!C:C, "T10") -> 100 | AB13: =100 + SUMIFS(NhatKy_ViPham!J:J, NhatKy_ViPham!E:E, "10_Toan_A", NhatKy_ViPham!F:F, B13, NhatKy_ViPham!C:C, "T11") - SUMIFS(NhatKy_ViPham!K:K, NhatKy_ViPham!E:E, "10_Toan_A", NhatKy_ViPham!F:F, B13, NhatKy_ViPham!C:C, "T11") -> 100 | AC13: =100 + SUMIFS(NhatKy_ViPham!J:J, NhatKy_ViPham!E:E, "10_Toan_A", NhatKy_ViPham!F:F, B13, NhatKy_ViPham!C:C, "T12") - SUMIFS(NhatKy_ViPham!K:K, NhatKy_ViPham!E:E, "10_Toan_A", NhatKy_ViPham!F:F, B13, NhatKy_ViPham!C:C, "T12") -> 100 | AD13: =100 + SUMIFS(NhatKy_ViPham!J:J, NhatKy_ViPham!E:E, "10_Toan_A", NhatKy_ViPham!F:F, B13, NhatKy_ViPham!C:C, "T13") - SUMIFS(NhatKy_ViPham!K:K, NhatKy_ViPham!E:E, "10_Toan_A", NhatKy_ViPham!F:F, B13, NhatKy_ViPham!C:C, "T13") -> 100 | AE13: =100 + SUMIFS(NhatKy_ViPham!J:J, NhatKy_ViPham!E:E, "10_Toan_A", NhatKy_ViPham!F:F, B13, NhatKy_ViPham!C:C, "T14") - SUMIFS(NhatKy_ViPham!K:K, NhatKy_ViPham!E:E, "10_Toan_A", NhatKy_ViPham!F:F, B13, NhatKy_ViPham!C:C, "T14") -> 100 | AF13: =100 + SUMIFS(NhatKy_ViPham!J:J, NhatKy_ViPham!E:E, "10_Toan_A", NhatKy_ViPham!F:F, B13, NhatKy_ViPham!C:C, "T15") - SUMIFS(NhatKy_ViPham!K:K, NhatKy_ViPham!E:E, "10_Toan_A", NhatKy_ViPham!F:F, B13, NhatKy_ViPham!C:C, "T15") -> 100 | AG13: =100 + SUMIFS(NhatKy_ViPham!J:J, NhatKy_ViPham!E:E, "10_Toan_A", NhatKy_ViPham!F:F, B13, NhatKy_ViPham!C:C, "T16") - SUMIFS(NhatKy_ViPham!K:K, NhatKy_ViPham!E:E, "10_Toan_A", NhatKy_ViPham!F:F, B13, NhatKy_ViPham!C:C, "T16") -> 100 | AH13: =100 + SUMIFS(NhatKy_ViPham!J:J, NhatKy_ViPham!E:E, "10_Toan_A", NhatKy_ViPham!F:F, B13, NhatKy_ViPham!C:C, "T17") - SUMIFS(NhatKy_ViPham!K:K, NhatKy_ViPham!E:E, "10_Toan_A", NhatKy_ViPham!F:F, B13, NhatKy_ViPham!C:C, "T17") -> 100 | AI13: =100 + SUMIFS(NhatKy_ViPham!J:J, NhatKy_ViPham!E:E, "10_Toan_A", NhatKy_ViPham!F:F, B13, NhatKy_ViPham!C:C, "T18") - SUMIFS(NhatKy_ViPham!K:K, NhatKy_ViPham!E:E, "10_Toan_A", NhatKy_ViPham!F:F, B13, NhatKy_ViPham!C:C, "T18") -> 100 | AJ13: =100 + SUMIFS(NhatKy_ViPham!J:J, NhatKy_ViPham!E:E, "10_Toan_A", NhatKy_ViPham!F:F, B13, NhatKy_ViPham!C:C, "T19") - SUMIFS(NhatKy_ViPham!K:K, NhatKy_ViPham!E:E, "10_Toan_A", NhatKy_ViPham!F:F, B13, NhatKy_ViPham!C:C, "T19") -> 100 | AK13: =100 + SUMIFS(NhatKy_ViPham!J:J, NhatKy_ViPham!E:E, "10_Toan_A", NhatKy_ViPham!F:F, B13, NhatKy_ViPham!C:C, "T20") - SUMIFS(NhatKy_ViPham!K:K, NhatKy_ViPham!E:E, "10_Toan_A", NhatKy_ViPham!F:F, B13, NhatKy_ViPham!C:C, "T20") -> 100 | AL13: =100 + SUMIFS(NhatKy_ViPham!J:J, NhatKy_ViPham!E:E, "10_Toan_A", NhatKy_ViPham!F:F, B13, NhatKy_ViPham!C:C, "T21") - SUMIFS(NhatKy_ViPham!K:K, NhatKy_ViPham!E:E, "10_Toan_A", NhatKy_ViPham!F:F, B13, NhatKy_ViPham!C:C, "T21") -> 100 | AM13: =100 + SUMIFS(NhatKy_ViPham!J:J, NhatKy_ViPham!E:E, "10_Toan_A", NhatKy_ViPham!F:F, B13, NhatKy_ViPham!C:C, "T22") - SUMIFS(NhatKy_ViPham!K:K, NhatKy_ViPham!E:E, "10_Toan_A", NhatKy_ViPham!F:F, B13, NhatKy_ViPham!C:C, "T22") -> 100 | AN13: =100 + SUMIFS(NhatKy_ViPham!J:J, NhatKy_ViPham!E:E, "10_Toan_A", NhatKy_ViPham!F:F, B13, NhatKy_ViPham!C:C, "T23") - SUMIFS(NhatKy_ViPham!K:K, NhatKy_ViPham!E:E, "10_Toan_A", NhatKy_ViPham!F:F, B13, NhatKy_ViPham!C:C, "T23") -> 100 | AO13: =100 + SUMIFS(NhatKy_ViPham!J:J, NhatKy_ViPham!E:E, "10_Toan_A", NhatKy_ViPham!F:F, B13, NhatKy_ViPham!C:C, "T24") - SUMIFS(NhatKy_ViPham!K:K, NhatKy_ViPham!E:E, "10_Toan_A", NhatKy_ViPham!F:F, B13, NhatKy_ViPham!C:C, "T24") -> 100 | AP13: =100 + SUMIFS(NhatKy_ViPham!J:J, NhatKy_ViPham!E:E, "10_Toan_A", NhatKy_ViPham!F:F, B13, NhatKy_ViPham!C:C, "T25") - SUMIFS(NhatKy_ViPham!K:K, NhatKy_ViPham!E:E, "10_Toan_A", NhatKy_ViPham!F:F, B13, NhatKy_ViPham!C:C, "T25") -> 100 | AQ13: =100 + SUMIFS(NhatKy_ViPham!J:J, NhatKy_ViPham!E:E, "10_Toan_A", NhatKy_ViPham!F:F, B13, NhatKy_ViPham!C:C, "T26") - SUMIFS(NhatKy_ViPham!K:K, NhatKy_ViPham!E:E, "10_Toan_A", NhatKy_ViPham!F:F, B13, NhatKy_ViPham!C:C, "T26") -> 100 | AR13: =100 + SUMIFS(NhatKy_ViPham!J:J, NhatKy_ViPham!E:E, "10_Toan_A", NhatKy_ViPham!F:F, B13, NhatKy_ViPham!C:C, "T27") - SUMIFS(NhatKy_ViPham!K:K, NhatKy_ViPham!E:E, "10_Toan_A", NhatKy_ViPham!F:F, B13, NhatKy_ViPham!C:C, "T27") -> 100 | AS13: =100 + SUMIFS(NhatKy_ViPham!J:J, NhatKy_ViPham!E:E, "10_Toan_A", NhatKy_ViPham!F:F, B13, NhatKy_ViPham!C:C, "T28") - SUMIFS(NhatKy_ViPham!K:K, NhatKy_ViPham!E:E, "10_Toan_A", NhatKy_ViPham!F:F, B13, NhatKy_ViPham!C:C, "T28") -> 100 | AT13: =100 + SUMIFS(NhatKy_ViPham!J:J, NhatKy_ViPham!E:E, "10_Toan_A", NhatKy_ViPham!F:F, B13, NhatKy_ViPham!C:C, "T29") - SUMIFS(NhatKy_ViPham!K:K, NhatKy_ViPham!E:E, "10_Toan_A", NhatKy_ViPham!F:F, B13, NhatKy_ViPham!C:C, "T29") -> 100 | AU13: =100 + SUMIFS(NhatKy_ViPham!J:J, NhatKy_ViPham!E:E, "10_Toan_A", NhatKy_ViPham!F:F, B13, NhatKy_ViPham!C:C, "T30") - SUMIFS(NhatKy_ViPham!K:K, NhatKy_ViPham!E:E, "10_Toan_A", NhatKy_ViPham!F:F, B13, NhatKy_ViPham!C:C, "T30") -> 100 | AV13: =100 + SUMIFS(NhatKy_ViPham!J:J, NhatKy_ViPham!E:E, "10_Toan_A", NhatKy_ViPham!F:F, B13, NhatKy_ViPham!C:C, "T31") - SUMIFS(NhatKy_ViPham!K:K, NhatKy_ViPham!E:E, "10_Toan_A", NhatKy_ViPham!F:F, B13, NhatKy_ViPham!C:C, "T31") -> 100 | AW13: =100 + SUMIFS(NhatKy_ViPham!J:J, NhatKy_ViPham!E:E, "10_Toan_A", NhatKy_ViPham!F:F, B13, NhatKy_ViPham!C:C, "T32") - SUMIFS(NhatKy_ViPham!K:K, NhatKy_ViPham!E:E, "10_Toan_A", NhatKy_ViPham!F:F, B13, NhatKy_ViPham!C:C, "T32") -> 100 | AX13: =100 + SUMIFS(NhatKy_ViPham!J:J, NhatKy_ViPham!E:E, "10_Toan_A", NhatKy_ViPham!F:F, B13, NhatKy_ViPham!C:C, "T33") - SUMIFS(NhatKy_ViPham!K:K, NhatKy_ViPham!E:E, "10_Toan_A", NhatKy_ViPham!F:F, B13, NhatKy_ViPham!C:C, "T33") -> 100 | AY13: =100 + SUMIFS(NhatKy_ViPham!J:J, NhatKy_ViPham!E:E, "10_Toan_A", NhatKy_ViPham!F:F, B13, NhatKy_ViPham!C:C, "T34") - SUMIFS(NhatKy_ViPham!K:K, NhatKy_ViPham!E:E, "10_Toan_A", NhatKy_ViPham!F:F, B13, NhatKy_ViPham!C:C, "T34") -> 100 | AZ13: =100 + SUMIFS(NhatKy_ViPham!J:J, NhatKy_ViPham!E:E, "10_Toan_A", NhatKy_ViPham!F:F, B13, NhatKy_ViPham!C:C, "T35") - SUMIFS(NhatKy_ViPham!K:K, NhatKy_ViPham!E:E, "10_Toan_A", NhatKy_ViPham!F:F, B13, NhatKy_ViPham!C:C, "T35") -> 100 | BA13: =ROUND(AVERAGE(R13:AZ13), 1) -> 100 | BB13: Không | BC13: =IF(BB13="Có", "Chưa đạt", IF(BA13>=85, "Tốt", IF(BA13>=70, "Khá", IF(BA13>=50, "Đạt", "Chưa đạt")))) -> Tốt | BD13: =IF(BC13="Chưa đạt", "🔴 Nguy cơ CHƯA ĐẠT", IF(BC13="Đạt", "🟡 CẦN NHẮC NHỞ", "🟢 BÌNH THƯỜNG")) -> 🟢 BÌNH THƯỜNG
A14: 6 | B14: Nguyễn Xuân Cường | C14: 28/11/2011 | D14: Nam | E14: Không | F14: =SUMIFS(NhatKy_ViPham!K:K, NhatKy_ViPham!E:E, "10_Toan_A", NhatKy_ViPham!F:F, B14, NhatKy_ViPham!H:H, "L01") -> 0 | G14: =SUMIFS(NhatKy_ViPham!K:K, NhatKy_ViPham!E:E, "10_Toan_A", NhatKy_ViPham!F:F, B14, NhatKy_ViPham!H:H, "L02") -> 0 | H14: =SUMIFS(NhatKy_ViPham!K:K, NhatKy_ViPham!E:E, "10_Toan_A", NhatKy_ViPham!F:F, B14, NhatKy_ViPham!H:H, "L03") -> 0 | I14: =SUMIFS(NhatKy_ViPham!K:K, NhatKy_ViPham!E:E, "10_Toan_A", NhatKy_ViPham!F:F, B14, NhatKy_ViPham!H:H, "L04") -> 0 | J14: =SUMIFS(NhatKy_ViPham!K:K, NhatKy_ViPham!E:E, "10_Toan_A", NhatKy_ViPham!F:F, B14, NhatKy_ViPham!H:H, "L05") -> 0 | K14: =SUMIFS(NhatKy_ViPham!K:K, NhatKy_ViPham!E:E, "10_Toan_A", NhatKy_ViPham!F:F, B14, NhatKy_ViPham!H:H, "L06") -> 0 | L14: =SUMIFS(NhatKy_ViPham!K:K, NhatKy_ViPham!E:E, "10_Toan_A", NhatKy_ViPham!F:F, B14, NhatKy_ViPham!H:H, "L07") -> 0 | M14: =SUMIFS(NhatKy_ViPham!K:K, NhatKy_ViPham!E:E, "10_Toan_A", NhatKy_ViPham!F:F, B14, NhatKy_ViPham!H:H, "L08") -> 0 | N14: =SUMIFS(NhatKy_ViPham!K:K, NhatKy_ViPham!E:E, "10_Toan_A", NhatKy_ViPham!F:F, B14, NhatKy_ViPham!H:H, "L09") -> 0 | O14: =SUMIFS(NhatKy_ViPham!K:K, NhatKy_ViPham!E:E, "10_Toan_A", NhatKy_ViPham!F:F, B14, NhatKy_ViPham!H:H, "L10") -> 0 | P14: =SUMIFS(NhatKy_ViPham!J:J, NhatKy_ViPham!E:E, "10_Toan_A", NhatKy_ViPham!F:F, B14) -> 0 | Q14: =SUMIFS(NhatKy_ViPham!K:K, NhatKy_ViPham!E:E, "10_Toan_A", NhatKy_ViPham!F:F, B14) -> 0 | R14: =100 + SUMIFS(NhatKy_ViPham!J:J, NhatKy_ViPham!E:E, "10_Toan_A", NhatKy_ViPham!F:F, B14, NhatKy_ViPham!C:C, "T1") - SUMIFS(NhatKy_ViPham!K:K, NhatKy_ViPham!E:E, "10_Toan_A", NhatKy_ViPham!F:F, B14, NhatKy_ViPham!C:C, "T1") -> 100 | S14: =100 + SUMIFS(NhatKy_ViPham!J:J, NhatKy_ViPham!E:E, "10_Toan_A", NhatKy_ViPham!F:F, B14, NhatKy_ViPham!C:C, "T2") - SUMIFS(NhatKy_ViPham!K:K, NhatKy_ViPham!E:E, "10_Toan_A", NhatKy_ViPham!F:F, B14, NhatKy_ViPham!C:C, "T2") -> 100 | T14: =100 + SUMIFS(NhatKy_ViPham!J:J, NhatKy_ViPham!E:E, "10_Toan_A", NhatKy_ViPham!F:F, B14, NhatKy_ViPham!C:C, "T3") - SUMIFS(NhatKy_ViPham!K:K, NhatKy_ViPham!E:E, "10_Toan_A", NhatKy_ViPham!F:F, B14, NhatKy_ViPham!C:C, "T3") -> 100 | U14: =100 + SUMIFS(NhatKy_ViPham!J:J, NhatKy_ViPham!E:E, "10_Toan_A", NhatKy_ViPham!F:F, B14, NhatKy_ViPham!C:C, "T4") - SUMIFS(NhatKy_ViPham!K:K, NhatKy_ViPham!E:E, "10_Toan_A", NhatKy_ViPham!F:F, B14, NhatKy_ViPham!C:C, "T4") -> 100 | V14: =100 + SUMIFS(NhatKy_ViPham!J:J, NhatKy_ViPham!E:E, "10_Toan_A", NhatKy_ViPham!F:F, B14, NhatKy_ViPham!C:C, "T5") - SUMIFS(NhatKy_ViPham!K:K, NhatKy_ViPham!E:E, "10_Toan_A", NhatKy_ViPham!F:F, B14, NhatKy_ViPham!C:C, "T5") -> 100 | W14: =100 + SUMIFS(NhatKy_ViPham!J:J, NhatKy_ViPham!E:E, "10_Toan_A", NhatKy_ViPham!F:F, B14, NhatKy_ViPham!C:C, "T6") - SUMIFS(NhatKy_ViPham!K:K, NhatKy_ViPham!E:E, "10_Toan_A", NhatKy_ViPham!F:F, B14, NhatKy_ViPham!C:C, "T6") -> 100 | X14: =100 + SUMIFS(NhatKy_ViPham!J:J, NhatKy_ViPham!E:E, "10_Toan_A", NhatKy_ViPham!F:F, B14, NhatKy_ViPham!C:C, "T7") - SUMIFS(NhatKy_ViPham!K:K, NhatKy_ViPham!E:E, "10_Toan_A", NhatKy_ViPham!F:F, B14, NhatKy_ViPham!C:C, "T7") -> 100 | Y14: =100 + SUMIFS(NhatKy_ViPham!J:J, NhatKy_ViPham!E:E, "10_Toan_A", NhatKy_ViPham!F:F, B14, NhatKy_ViPham!C:C, "T8") - SUMIFS(NhatKy_ViPham!K:K, NhatKy_ViPham!E:E, "10_Toan_A", NhatKy_ViPham!F:F, B14, NhatKy_ViPham!C:C, "T8") -> 100 | Z14: =100 + SUMIFS(NhatKy_ViPham!J:J, NhatKy_ViPham!E:E, "10_Toan_A", NhatKy_ViPham!F:F, B14, NhatKy_ViPham!C:C, "T9") - SUMIFS(NhatKy_ViPham!K:K, NhatKy_ViPham!E:E, "10_Toan_A", NhatKy_ViPham!F:F, B14, NhatKy_ViPham!C:C, "T9") -> 100 | AA14: =100 + SUMIFS(NhatKy_ViPham!J:J, NhatKy_ViPham!E:E, "10_Toan_A", NhatKy_ViPham!F:F, B14, NhatKy_ViPham!C:C, "T10") - SUMIFS(NhatKy_ViPham!K:K, NhatKy_ViPham!E:E, "10_Toan_A", NhatKy_ViPham!F:F, B14, NhatKy_ViPham!C:C, "T10") -> 100 | AB14: =100 + SUMIFS(NhatKy_ViPham!J:J, NhatKy_ViPham!E:E, "10_Toan_A", NhatKy_ViPham!F:F, B14, NhatKy_ViPham!C:C, "T11") - SUMIFS(NhatKy_ViPham!K:K, NhatKy_ViPham!E:E, "10_Toan_A", NhatKy_ViPham!F:F, B14, NhatKy_ViPham!C:C, "T11") -> 100 | AC14: =100 + SUMIFS(NhatKy_ViPham!J:J, NhatKy_ViPham!E:E, "10_Toan_A", NhatKy_ViPham!F:F, B14, NhatKy_ViPham!C:C, "T12") - SUMIFS(NhatKy_ViPham!K:K, NhatKy_ViPham!E:E, "10_Toan_A", NhatKy_ViPham!F:F, B14, NhatKy_ViPham!C:C, "T12") -> 100 | AD14: =100 + SUMIFS(NhatKy_ViPham!J:J, NhatKy_ViPham!E:E, "10_Toan_A", NhatKy_ViPham!F:F, B14, NhatKy_ViPham!C:C, "T13") - SUMIFS(NhatKy_ViPham!K:K, NhatKy_ViPham!E:E, "10_Toan_A", NhatKy_ViPham!F:F, B14, NhatKy_ViPham!C:C, "T13") -> 100 | AE14: =100 + SUMIFS(NhatKy_ViPham!J:J, NhatKy_ViPham!E:E, "10_Toan_A", NhatKy_ViPham!F:F, B14, NhatKy_ViPham!C:C, "T14") - SUMIFS(NhatKy_ViPham!K:K, NhatKy_ViPham!E:E, "10_Toan_A", NhatKy_ViPham!F:F, B14, NhatKy_ViPham!C:C, "T14") -> 100 | AF14: =100 + SUMIFS(NhatKy_ViPham!J:J, NhatKy_ViPham!E:E, "10_Toan_A", NhatKy_ViPham!F:F, B14, NhatKy_ViPham!C:C, "T15") - SUMIFS(NhatKy_ViPham!K:K, NhatKy_ViPham!E:E, "10_Toan_A", NhatKy_ViPham!F:F, B14, NhatKy_ViPham!C:C, "T15") -> 100 | AG14: =100 + SUMIFS(NhatKy_ViPham!J:J, NhatKy_ViPham!E:E, "10_Toan_A", NhatKy_ViPham!F:F, B14, NhatKy_ViPham!C:C, "T16") - SUMIFS(NhatKy_ViPham!K:K, NhatKy_ViPham!E:E, "10_Toan_A", NhatKy_ViPham!F:F, B14, NhatKy_ViPham!C:C, "T16") -> 100 | AH14: =100 + SUMIFS(NhatKy_ViPham!J:J, NhatKy_ViPham!E:E, "10_Toan_A", NhatKy_ViPham!F:F, B14, NhatKy_ViPham!C:C, "T17") - SUMIFS(NhatKy_ViPham!K:K, NhatKy_ViPham!E:E, "10_Toan_A", NhatKy_ViPham!F:F, B14, NhatKy_ViPham!C:C, "T17") -> 100 | AI14: =100 + SUMIFS(NhatKy_ViPham!J:J, NhatKy_ViPham!E:E, "10_Toan_A", NhatKy_ViPham!F:F, B14, NhatKy_ViPham!C:C, "T18") - SUMIFS(NhatKy_ViPham!K:K, NhatKy_ViPham!E:E, "10_Toan_A", NhatKy_ViPham!F:F, B14, NhatKy_ViPham!C:C, "T18") -> 100 | AJ14: =100 + SUMIFS(NhatKy_ViPham!J:J, NhatKy_ViPham!E:E, "10_Toan_A", NhatKy_ViPham!F:F, B14, NhatKy_ViPham!C:C, "T19") - SUMIFS(NhatKy_ViPham!K:K, NhatKy_ViPham!E:E, "10_Toan_A", NhatKy_ViPham!F:F, B14, NhatKy_ViPham!C:C, "T19") -> 100 | AK14: =100 + SUMIFS(NhatKy_ViPham!J:J, NhatKy_ViPham!E:E, "10_Toan_A", NhatKy_ViPham!F:F, B14, NhatKy_ViPham!C:C, "T20") - SUMIFS(NhatKy_ViPham!K:K, NhatKy_ViPham!E:E, "10_Toan_A", NhatKy_ViPham!F:F, B14, NhatKy_ViPham!C:C, "T20") -> 100 | AL14: =100 + SUMIFS(NhatKy_ViPham!J:J, NhatKy_ViPham!E:E, "10_Toan_A", NhatKy_ViPham!F:F, B14, NhatKy_ViPham!C:C, "T21") - SUMIFS(NhatKy_ViPham!K:K, NhatKy_ViPham!E:E, "10_Toan_A", NhatKy_ViPham!F:F, B14, NhatKy_ViPham!C:C, "T21") -> 100 | AM14: =100 + SUMIFS(NhatKy_ViPham!J:J, NhatKy_ViPham!E:E, "10_Toan_A", NhatKy_ViPham!F:F, B14, NhatKy_ViPham!C:C, "T22") - SUMIFS(NhatKy_ViPham!K:K, NhatKy_ViPham!E:E, "10_Toan_A", NhatKy_ViPham!F:F, B14, NhatKy_ViPham!C:C, "T22") -> 100 | AN14: =100 + SUMIFS(NhatKy_ViPham!J:J, NhatKy_ViPham!E:E, "10_Toan_A", NhatKy_ViPham!F:F, B14, NhatKy_ViPham!C:C, "T23") - SUMIFS(NhatKy_ViPham!K:K, NhatKy_ViPham!E:E, "10_Toan_A", NhatKy_ViPham!F:F, B14, NhatKy_ViPham!C:C, "T23") -> 100 | AO14: =100 + SUMIFS(NhatKy_ViPham!J:J, NhatKy_ViPham!E:E, "10_Toan_A", NhatKy_ViPham!F:F, B14, NhatKy_ViPham!C:C, "T24") - SUMIFS(NhatKy_ViPham!K:K, NhatKy_ViPham!E:E, "10_Toan_A", NhatKy_ViPham!F:F, B14, NhatKy_ViPham!C:C, "T24") -> 100 | AP14: =100 + SUMIFS(NhatKy_ViPham!J:J, NhatKy_ViPham!E:E, "10_Toan_A", NhatKy_ViPham!F:F, B14, NhatKy_ViPham!C:C, "T25") - SUMIFS(NhatKy_ViPham!K:K, NhatKy_ViPham!E:E, "10_Toan_A", NhatKy_ViPham!F:F, B14, NhatKy_ViPham!C:C, "T25") -> 100 | AQ14: =100 + SUMIFS(NhatKy_ViPham!J:J, NhatKy_ViPham!E:E, "10_Toan_A", NhatKy_ViPham!F:F, B14, NhatKy_ViPham!C:C, "T26") - SUMIFS(NhatKy_ViPham!K:K, NhatKy_ViPham!E:E, "10_Toan_A", NhatKy_ViPham!F:F, B14, NhatKy_ViPham!C:C, "T26") -> 100 | AR14: =100 + SUMIFS(NhatKy_ViPham!J:J, NhatKy_ViPham!E:E, "10_Toan_A", NhatKy_ViPham!F:F, B14, NhatKy_ViPham!C:C, "T27") - SUMIFS(NhatKy_ViPham!K:K, NhatKy_ViPham!E:E, "10_Toan_A", NhatKy_ViPham!F:F, B14, NhatKy_ViPham!C:C, "T27") -> 100 | AS14: =100 + SUMIFS(NhatKy_ViPham!J:J, NhatKy_ViPham!E:E, "10_Toan_A", NhatKy_ViPham!F:F, B14, NhatKy_ViPham!C:C, "T28") - SUMIFS(NhatKy_ViPham!K:K, NhatKy_ViPham!E:E, "10_Toan_A", NhatKy_ViPham!F:F, B14, NhatKy_ViPham!C:C, "T28") -> 100 | AT14: =100 + SUMIFS(NhatKy_ViPham!J:J, NhatKy_ViPham!E:E, "10_Toan_A", NhatKy_ViPham!F:F, B14, NhatKy_ViPham!C:C, "T29") - SUMIFS(NhatKy_ViPham!K:K, NhatKy_ViPham!E:E, "10_Toan_A", NhatKy_ViPham!F:F, B14, NhatKy_ViPham!C:C, "T29") -> 100 | AU14: =100 + SUMIFS(NhatKy_ViPham!J:J, NhatKy_ViPham!E:E, "10_Toan_A", NhatKy_ViPham!F:F, B14, NhatKy_ViPham!C:C, "T30") - SUMIFS(NhatKy_ViPham!K:K, NhatKy_ViPham!E:E, "10_Toan_A", NhatKy_ViPham!F:F, B14, NhatKy_ViPham!C:C, "T30") -> 100 | AV14: =100 + SUMIFS(NhatKy_ViPham!J:J, NhatKy_ViPham!E:E, "10_Toan_A", NhatKy_ViPham!F:F, B14, NhatKy_ViPham!C:C, "T31") - SUMIFS(NhatKy_ViPham!K:K, NhatKy_ViPham!E:E, "10_Toan_A", NhatKy_ViPham!F:F, B14, NhatKy_ViPham!C:C, "T31") -> 100 | AW14: =100 + SUMIFS(NhatKy_ViPham!J:J, NhatKy_ViPham!E:E, "10_Toan_A", NhatKy_ViPham!F:F, B14, NhatKy_ViPham!C:C, "T32") - SUMIFS(NhatKy_ViPham!K:K, NhatKy_ViPham!E:E, "10_Toan_A", NhatKy_ViPham!F:F, B14, NhatKy_ViPham!C:C, "T32") -> 100 | AX14: =100 + SUMIFS(NhatKy_ViPham!J:J, NhatKy_ViPham!E:E, "10_Toan_A", NhatKy_ViPham!F:F, B14, NhatKy_ViPham!C:C, "T33") - SUMIFS(NhatKy_ViPham!K:K, NhatKy_ViPham!E:E, "10_Toan_A", NhatKy_ViPham!F:F, B14, NhatKy_ViPham!C:C, "T33") -> 100 | AY14: =100 + SUMIFS(NhatKy_ViPham!J:J, NhatKy_ViPham!E:E, "10_Toan_A", NhatKy_ViPham!F:F, B14, NhatKy_ViPham!C:C, "T34") - SUMIFS(NhatKy_ViPham!K:K, NhatKy_ViPham!E:E, "10_Toan_A", NhatKy_ViPham!F:F, B14, NhatKy_ViPham!C:C, "T34") -> 100 | AZ14: =100 + SUMIFS(NhatKy_ViPham!J:J, NhatKy_ViPham!E:E, "10_Toan_A", NhatKy_ViPham!F:F, B14, NhatKy_ViPham!C:C, "T35") - SUMIFS(NhatKy_ViPham!K:K, NhatKy_ViPham!E:E, "10_Toan_A", NhatKy_ViPham!F:F, B14, NhatKy_ViPham!C:C, "T35") -> 100 | BA14: =ROUND(AVERAGE(R14:AZ14), 1) -> 100 | BB14: Không | BC14: =IF(BB14="Có", "Chưa đạt", IF(BA14>=85, "Tốt", IF(BA14>=70, "Khá", IF(BA14>=50, "Đạt", "Chưa đạt")))) -> Tốt | BD14: =IF(BC14="Chưa đạt", "🔴 Nguy cơ CHƯA ĐẠT", IF(BC14="Đạt", "🟡 CẦN NHẮC NHỞ", "🟢 BÌNH THƯỜNG")) -> 🟢 BÌNH THƯỜNG
A15: 7 | B15: Lê Minh Đức | C15: 10/10/2011 | D15: Nam | E15: Không | F15: =SUMIFS(NhatKy_ViPham!K:K, NhatKy_ViPham!E:E, "10_Toan_A", NhatKy_ViPham!F:F, B15, NhatKy_ViPham!H:H, "L01") -> 0 | G15: =SUMIFS(NhatKy_ViPham!K:K, NhatKy_ViPham!E:E, "10_Toan_A", NhatKy_ViPham!F:F, B15, NhatKy_ViPham!H:H, "L02") -> 0 | H15: =SUMIFS(NhatKy_ViPham!K:K, NhatKy_ViPham!E:E, "10_Toan_A", NhatKy_ViPham!F:F, B15, NhatKy_ViPham!H:H, "L03") -> 0 | I15: =SUMIFS(NhatKy_ViPham!K:K, NhatKy_ViPham!E:E, "10_Toan_A", NhatKy_ViPham!F:F, B15, NhatKy_ViPham!H:H, "L04") -> 0 | J15: =SUMIFS(NhatKy_ViPham!K:K, NhatKy_ViPham!E:E, "10_Toan_A", NhatKy_ViPham!F:F, B15, NhatKy_ViPham!H:H, "L05") -> 0 | K15: =SUMIFS(NhatKy_ViPham!K:K, NhatKy_ViPham!E:E, "10_Toan_A", NhatKy_ViPham!F:F, B15, NhatKy_ViPham!H:H, "L06") -> 0 | L15: =SUMIFS(NhatKy_ViPham!K:K, NhatKy_ViPham!E:E, "10_Toan_A", NhatKy_ViPham!F:F, B15, NhatKy_ViPham!H:H, "L07") -> 0 | M15: =SUMIFS(NhatKy_ViPham!K:K, NhatKy_ViPham!E:E, "10_Toan_A", NhatKy_ViPham!F:F, B15, NhatKy_ViPham!H:H, "L08") -> 0 | N15: =SUMIFS(NhatKy_ViPham!K:K, NhatKy_ViPham!E:E, "10_Toan_A", NhatKy_ViPham!F:F, B15, NhatKy_ViPham!H:H, "L09") -> 0 | O15: =SUMIFS(NhatKy_ViPham!K:K, NhatKy_ViPham!E:E, "10_Toan_A", NhatKy_ViPham!F:F, B15, NhatKy_ViPham!H:H, "L10") -> 0 | P15: =SUMIFS(NhatKy_ViPham!J:J, NhatKy_ViPham!E:E, "10_Toan_A", NhatKy_ViPham!F:F, B15) -> 0 | Q15: =SUMIFS(NhatKy_ViPham!K:K, NhatKy_ViPham!E:E, "10_Toan_A", NhatKy_ViPham!F:F, B15) -> 0 | R15: =100 + SUMIFS(NhatKy_ViPham!J:J, NhatKy_ViPham!E:E, "10_Toan_A", NhatKy_ViPham!F:F, B15, NhatKy_ViPham!C:C, "T1") - SUMIFS(NhatKy_ViPham!K:K, NhatKy_ViPham!E:E, "10_Toan_A", NhatKy_ViPham!F:F, B15, NhatKy_ViPham!C:C, "T1") -> 100 | S15: =100 + SUMIFS(NhatKy_ViPham!J:J, NhatKy_ViPham!E:E, "10_Toan_A", NhatKy_ViPham!F:F, B15, NhatKy_ViPham!C:C, "T2") - SUMIFS(NhatKy_ViPham!K:K, NhatKy_ViPham!E:E, "10_Toan_A", NhatKy_ViPham!F:F, B15, NhatKy_ViPham!C:C, "T2") -> 100 | T15: =100 + SUMIFS(NhatKy_ViPham!J:J, NhatKy_ViPham!E:E, "10_Toan_A", NhatKy_ViPham!F:F, B15, NhatKy_ViPham!C:C, "T3") - SUMIFS(NhatKy_ViPham!K:K, NhatKy_ViPham!E:E, "10_Toan_A", NhatKy_ViPham!F:F, B15, NhatKy_ViPham!C:C, "T3") -> 100 | U15: =100 + SUMIFS(NhatKy_ViPham!J:J, NhatKy_ViPham!E:E, "10_Toan_A", NhatKy_ViPham!F:F, B15, NhatKy_ViPham!C:C, "T4") - SUMIFS(NhatKy_ViPham!K:K, NhatKy_ViPham!E:E, "10_Toan_A", NhatKy_ViPham!F:F, B15, NhatKy_ViPham!C:C, "T4") -> 100 | V15: =100 + SUMIFS(NhatKy_ViPham!J:J, NhatKy_ViPham!E:E, "10_Toan_A", NhatKy_ViPham!F:F, B15, NhatKy_ViPham!C:C, "T5") - SUMIFS(NhatKy_ViPham!K:K, NhatKy_ViPham!E:E, "10_Toan_A", NhatKy_ViPham!F:F, B15, NhatKy_ViPham!C:C, "T5") -> 100 | W15: =100 + SUMIFS(NhatKy_ViPham!J:J, NhatKy_ViPham!E:E, "10_Toan_A", NhatKy_ViPham!F:F, B15, NhatKy_ViPham!C:C, "T6") - SUMIFS(NhatKy_ViPham!K:K, NhatKy_ViPham!E:E, "10_Toan_A", NhatKy_ViPham!F:F, B15, NhatKy_ViPham!C:C, "T6") -> 100 | X15: =100 + SUMIFS(NhatKy_ViPham!J:J, NhatKy_ViPham!E:E, "10_Toan_A", NhatKy_ViPham!F:F, B15, NhatKy_ViPham!C:C, "T7") - SUMIFS(NhatKy_ViPham!K:K, NhatKy_ViPham!E:E, "10_Toan_A", NhatKy_ViPham!F:F, B15, NhatKy_ViPham!C:C, "T7") -> 100 | Y15: =100 + SUMIFS(NhatKy_ViPham!J:J, NhatKy_ViPham!E:E, "10_Toan_A", NhatKy_ViPham!F:F, B15, NhatKy_ViPham!C:C, "T8") - SUMIFS(NhatKy_ViPham!K:K, NhatKy_ViPham!E:E, "10_Toan_A", NhatKy_ViPham!F:F, B15, NhatKy_ViPham!C:C, "T8") -> 100 | Z15: =100 + SUMIFS(NhatKy_ViPham!J:J, NhatKy_ViPham!E:E, "10_Toan_A", NhatKy_ViPham!F:F, B15, NhatKy_ViPham!C:C, "T9") - SUMIFS(NhatKy_ViPham!K:K, NhatKy_ViPham!E:E, "10_Toan_A", NhatKy_ViPham!F:F, B15, NhatKy_ViPham!C:C, "T9") -> 100 | AA15: =100 + SUMIFS(NhatKy_ViPham!J:J, NhatKy_ViPham!E:E, "10_Toan_A", NhatKy_ViPham!F:F, B15, NhatKy_ViPham!C:C, "T10") - SUMIFS(NhatKy_ViPham!K:K, NhatKy_ViPham!E:E, "10_Toan_A", NhatKy_ViPham!F:F, B15, NhatKy_ViPham!C:C, "T10") -> 100 | AB15: =100 + SUMIFS(NhatKy_ViPham!J:J, NhatKy_ViPham!E:E, "10_Toan_A", NhatKy_ViPham!F:F, B15, NhatKy_ViPham!C:C, "T11") - SUMIFS(NhatKy_ViPham!K:K, NhatKy_ViPham!E:E, "10_Toan_A", NhatKy_ViPham!F:F, B15, NhatKy_ViPham!C:C, "T11") -> 100 | AC15: =100 + SUMIFS(NhatKy_ViPham!J:J, NhatKy_ViPham!E:E, "10_Toan_A", NhatKy_ViPham!F:F, B15, NhatKy_ViPham!C:C, "T12") - SUMIFS(NhatKy_ViPham!K:K, NhatKy_ViPham!E:E, "10_Toan_A", NhatKy_ViPham!F:F, B15, NhatKy_ViPham!C:C, "T12") -> 100 | AD15: =100 + SUMIFS(NhatKy_ViPham!J:J, NhatKy_ViPham!E:E, "10_Toan_A", NhatKy_ViPham!F:F, B15, NhatKy_ViPham!C:C, "T13") - SUMIFS(NhatKy_ViPham!K:K, NhatKy_ViPham!E:E, "10_Toan_A", NhatKy_ViPham!F:F, B15, NhatKy_ViPham!C:C, "T13") -> 100 | AE15: =100 + SUMIFS(NhatKy_ViPham!J:J, NhatKy_ViPham!E:E, "10_Toan_A", NhatKy_ViPham!F:F, B15, NhatKy_ViPham!C:C, "T14") - SUMIFS(NhatKy_ViPham!K:K, NhatKy_ViPham!E:E, "10_Toan_A", NhatKy_ViPham!F:F, B15, NhatKy_ViPham!C:C, "T14") -> 100 | AF15: =100 + SUMIFS(NhatKy_ViPham!J:J, NhatKy_ViPham!E:E, "10_Toan_A", NhatKy_ViPham!F:F, B15, NhatKy_ViPham!C:C, "T15") - SUMIFS(NhatKy_ViPham!K:K, NhatKy_ViPham!E:E, "10_Toan_A", NhatKy_ViPham!F:F, B15, NhatKy_ViPham!C:C, "T15") -> 100 | AG15: =100 + SUMIFS(NhatKy_ViPham!J:J, NhatKy_ViPham!E:E, "10_Toan_A", NhatKy_ViPham!F:F, B15, NhatKy_ViPham!C:C, "T16") - SUMIFS(NhatKy_ViPham!K:K, NhatKy_ViPham!E:E, "10_Toan_A", NhatKy_ViPham!F:F, B15, NhatKy_ViPham!C:C, "T16") -> 100 | AH15: =100 + SUMIFS(NhatKy_ViPham!J:J, NhatKy_ViPham!E:E, "10_Toan_A", NhatKy_ViPham!F:F, B15, NhatKy_ViPham!C:C, "T17") - SUMIFS(NhatKy_ViPham!K:K, NhatKy_ViPham!E:E, "10_Toan_A", NhatKy_ViPham!F:F, B15, NhatKy_ViPham!C:C, "T17") -> 100 | AI15: =100 + SUMIFS(NhatKy_ViPham!J:J, NhatKy_ViPham!E:E, "10_Toan_A", NhatKy_ViPham!F:F, B15, NhatKy_ViPham!C:C, "T18") - SUMIFS(NhatKy_ViPham!K:K, NhatKy_ViPham!E:E, "10_Toan_A", NhatKy_ViPham!F:F, B15, NhatKy_ViPham!C:C, "T18") -> 100 | AJ15: =100 + SUMIFS(NhatKy_ViPham!J:J, NhatKy_ViPham!E:E, "10_Toan_A", NhatKy_ViPham!F:F, B15, NhatKy_ViPham!C:C, "T19") - SUMIFS(NhatKy_ViPham!K:K, NhatKy_ViPham!E:E, "10_Toan_A", NhatKy_ViPham!F:F, B15, NhatKy_ViPham!C:C, "T19") -> 100 | AK15: =100 + SUMIFS(NhatKy_ViPham!J:J, NhatKy_ViPham!E:E, "10_Toan_A", NhatKy_ViPham!F:F, B15, NhatKy_ViPham!C:C, "T20") - SUMIFS(NhatKy_ViPham!K:K, NhatKy_ViPham!E:E, "10_Toan_A", NhatKy_ViPham!F:F, B15, NhatKy_ViPham!C:C, "T20") -> 100 | AL15: =100 + SUMIFS(NhatKy_ViPham!J:J, NhatKy_ViPham!E:E, "10_Toan_A", NhatKy_ViPham!F:F, B15, NhatKy_ViPham!C:C, "T21") - SUMIFS(NhatKy_ViPham!K:K, NhatKy_ViPham!E:E, "10_Toan_A", NhatKy_ViPham!F:F, B15, NhatKy_ViPham!C:C, "T21") -> 100 | AM15: =100 + SUMIFS(NhatKy_ViPham!J:J, NhatKy_ViPham!E:E, "10_Toan_A", NhatKy_ViPham!F:F, B15, NhatKy_ViPham!C:C, "T22") - SUMIFS(NhatKy_ViPham!K:K, NhatKy_ViPham!E:E, "10_Toan_A", NhatKy_ViPham!F:F, B15, NhatKy_ViPham!C:C, "T22") -> 100 | AN15: =100 + SUMIFS(NhatKy_ViPham!J:J, NhatKy_ViPham!E:E, "10_Toan_A", NhatKy_ViPham!F:F, B15, NhatKy_ViPham!C:C, "T23") - SUMIFS(NhatKy_ViPham!K:K, NhatKy_ViPham!E:E, "10_Toan_A", NhatKy_ViPham!F:F, B15, NhatKy_ViPham!C:C, "T23") -> 100 | AO15: =100 + SUMIFS(NhatKy_ViPham!J:J, NhatKy_ViPham!E:E, "10_Toan_A", NhatKy_ViPham!F:F, B15, NhatKy_ViPham!C:C, "T24") - SUMIFS(NhatKy_ViPham!K:K, NhatKy_ViPham!E:E, "10_Toan_A", NhatKy_ViPham!F:F, B15, NhatKy_ViPham!C:C, "T24") -> 100 | AP15: =100 + SUMIFS(NhatKy_ViPham!J:J, NhatKy_ViPham!E:E, "10_Toan_A", NhatKy_ViPham!F:F, B15, NhatKy_ViPham!C:C, "T25") - SUMIFS(NhatKy_ViPham!K:K, NhatKy_ViPham!E:E, "10_Toan_A", NhatKy_ViPham!F:F, B15, NhatKy_ViPham!C:C, "T25") -> 100 | AQ15: =100 + SUMIFS(NhatKy_ViPham!J:J, NhatKy_ViPham!E:E, "10_Toan_A", NhatKy_ViPham!F:F, B15, NhatKy_ViPham!C:C, "T26") - SUMIFS(NhatKy_ViPham!K:K, NhatKy_ViPham!E:E, "10_Toan_A", NhatKy_ViPham!F:F, B15, NhatKy_ViPham!C:C, "T26") -> 100 | AR15: =100 + SUMIFS(NhatKy_ViPham!J:J, NhatKy_ViPham!E:E, "10_Toan_A", NhatKy_ViPham!F:F, B15, NhatKy_ViPham!C:C, "T27") - SUMIFS(NhatKy_ViPham!K:K, NhatKy_ViPham!E:E, "10_Toan_A", NhatKy_ViPham!F:F, B15, NhatKy_ViPham!C:C, "T27") -> 100 | AS15: =100 + SUMIFS(NhatKy_ViPham!J:J, NhatKy_ViPham!E:E, "10_Toan_A", NhatKy_ViPham!F:F, B15, NhatKy_ViPham!C:C, "T28") - SUMIFS(NhatKy_ViPham!K:K, NhatKy_ViPham!E:E, "10_Toan_A", NhatKy_ViPham!F:F, B15, NhatKy_ViPham!C:C, "T28") -> 100 | AT15: =100 + SUMIFS(NhatKy_ViPham!J:J, NhatKy_ViPham!E:E, "10_Toan_A", NhatKy_ViPham!F:F, B15, NhatKy_ViPham!C:C, "T29") - SUMIFS(NhatKy_ViPham!K:K, NhatKy_ViPham!E:E, "10_Toan_A", NhatKy_ViPham!F:F, B15, NhatKy_ViPham!C:C, "T29") -> 100 | AU15: =100 + SUMIFS(NhatKy_ViPham!J:J, NhatKy_ViPham!E:E, "10_Toan_A", NhatKy_ViPham!F:F, B15, NhatKy_ViPham!C:C, "T30") - SUMIFS(NhatKy_ViPham!K:K, NhatKy_ViPham!E:E, "10_Toan_A", NhatKy_ViPham!F:F, B15, NhatKy_ViPham!C:C, "T30") -> 100 | AV15: =100 + SUMIFS(NhatKy_ViPham!J:J, NhatKy_ViPham!E:E, "10_Toan_A", NhatKy_ViPham!F:F, B15, NhatKy_ViPham!C:C, "T31") - SUMIFS(NhatKy_ViPham!K:K, NhatKy_ViPham!E:E, "10_Toan_A", NhatKy_ViPham!F:F, B15, NhatKy_ViPham!C:C, "T31") -> 100 | AW15: =100 + SUMIFS(NhatKy_ViPham!J:J, NhatKy_ViPham!E:E, "10_Toan_A", NhatKy_ViPham!F:F, B15, NhatKy_ViPham!C:C, "T32") - SUMIFS(NhatKy_ViPham!K:K, NhatKy_ViPham!E:E, "10_Toan_A", NhatKy_ViPham!F:F, B15, NhatKy_ViPham!C:C, "T32") -> 100 | AX15: =100 + SUMIFS(NhatKy_ViPham!J:J, NhatKy_ViPham!E:E, "10_Toan_A", NhatKy_ViPham!F:F, B15, NhatKy_ViPham!C:C, "T33") - SUMIFS(NhatKy_ViPham!K:K, NhatKy_ViPham!E:E, "10_Toan_A", NhatKy_ViPham!F:F, B15, NhatKy_ViPham!C:C, "T33") -> 100 | AY15: =100 + SUMIFS(NhatKy_ViPham!J:J, NhatKy_ViPham!E:E, "10_Toan_A", NhatKy_ViPham!F:F, B15, NhatKy_ViPham!C:C, "T34") - SUMIFS(NhatKy_ViPham!K:K, NhatKy_ViPham!E:E, "10_Toan_A", NhatKy_ViPham!F:F, B15, NhatKy_ViPham!C:C, "T34") -> 100 | AZ15: =100 + SUMIFS(NhatKy_ViPham!J:J, NhatKy_ViPham!E:E, "10_Toan_A", NhatKy_ViPham!F:F, B15, NhatKy_ViPham!C:C, "T35") - SUMIFS(NhatKy_ViPham!K:K, NhatKy_ViPham!E:E, "10_Toan_A", NhatKy_ViPham!F:F, B15, NhatKy_ViPham!C:C, "T35") -> 100 | BA15: =ROUND(AVERAGE(R15:AZ15), 1) -> 100 | BB15: Không | BC15: =IF(BB15="Có", "Chưa đạt", IF(BA15>=85, "Tốt", IF(BA15>=70, "Khá", IF(BA15>=50, "Đạt", "Chưa đạt")))) -> Tốt | BD15: =IF(BC15="Chưa đạt", "🔴 Nguy cơ CHƯA ĐẠT", IF(BC15="Đạt", "🟡 CẦN NHẮC NHỞ", "🟢 BÌNH THƯỜNG")) -> 🟢 BÌNH THƯỜNG
A16: 8 | B16: Nguyễn Đức Giang | C16: 19/06/2011 | D16: Nam | E16: Không | F16: =SUMIFS(NhatKy_ViPham!K:K, NhatKy_ViPham!E:E, "10_Toan_A", NhatKy_ViPham!F:F, B16, NhatKy_ViPham!H:H, "L01") -> 0 | G16: =SUMIFS(NhatKy_ViPham!K:K, NhatKy_ViPham!E:E, "10_Toan_A", NhatKy_ViPham!F:F, B16, NhatKy_ViPham!H:H, "L02") -> 0 | H16: =SUMIFS(NhatKy_ViPham!K:K, NhatKy_ViPham!E:E, "10_Toan_A", NhatKy_ViPham!F:F, B16, NhatKy_ViPham!H:H, "L03") -> 0 | I16: =SUMIFS(NhatKy_ViPham!K:K, NhatKy_ViPham!E:E, "10_Toan_A", NhatKy_ViPham!F:F, B16, NhatKy_ViPham!H:H, "L04") -> 0 | J16: =SUMIFS(NhatKy_ViPham!K:K, NhatKy_ViPham!E:E, "10_Toan_A", NhatKy_ViPham!F:F, B16, NhatKy_ViPham!H:H, "L05") -> 0 | K16: =SUMIFS(NhatKy_ViPham!K:K, NhatKy_ViPham!E:E, "10_Toan_A", NhatKy_ViPham!F:F, B16, NhatKy_ViPham!H:H, "L06") -> 0 | L16: =SUMIFS(NhatKy_ViPham!K:K, NhatKy_ViPham!E:E, "10_Toan_A", NhatKy_ViPham!F:F, B16, NhatKy_ViPham!H:H, "L07") -> 0 | M16: =SUMIFS(NhatKy_ViPham!K:K, NhatKy_ViPham!E:E, "10_Toan_A", NhatKy_ViPham!F:F, B16, NhatKy_ViPham!H:H, "L08") -> 0 | N16: =SUMIFS(NhatKy_ViPham!K:K, NhatKy_ViPham!E:E, "10_Toan_A", NhatKy_ViPham!F:F, B16, NhatKy_ViPham!H:H, "L09") -> 0 | O16: =SUMIFS(NhatKy_ViPham!K:K, NhatKy_ViPham!E:E, "10_Toan_A", NhatKy_ViPham!F:F, B16, NhatKy_ViPham!H:H, "L10") -> 0 | P16: =SUMIFS(NhatKy_ViPham!J:J, NhatKy_ViPham!E:E, "10_Toan_A", NhatKy_ViPham!F:F, B16) -> 0 | Q16: =SUMIFS(NhatKy_ViPham!K:K, NhatKy_ViPham!E:E, "10_Toan_A", NhatKy_ViPham!F:F, B16) -> 0 | R16: =100 + SUMIFS(NhatKy_ViPham!J:J, NhatKy_ViPham!E:E, "10_Toan_A", NhatKy_ViPham!F:F, B16, NhatKy_ViPham!C:C, "T1") - SUMIFS(NhatKy_ViPham!K:K, NhatKy_ViPham!E:E, "10_Toan_A", NhatKy_ViPham!F:F, B16, NhatKy_ViPham!C:C, "T1") -> 100 | S16: =100 + SUMIFS(NhatKy_ViPham!J:J, NhatKy_ViPham!E:E, "10_Toan_A", NhatKy_ViPham!F:F, B16, NhatKy_ViPham!C:C, "T2") - SUMIFS(NhatKy_ViPham!K:K, NhatKy_ViPham!E:E, "10_Toan_A", NhatKy_ViPham!F:F, B16, NhatKy_ViPham!C:C, "T2") -> 100 | T16: =100 + SUMIFS(NhatKy_ViPham!J:J, NhatKy_ViPham!E:E, "10_Toan_A", NhatKy_ViPham!F:F, B16, NhatKy_ViPham!C:C, "T3") - SUMIFS(NhatKy_ViPham!K:K, NhatKy_ViPham!E:E, "10_Toan_A", NhatKy_ViPham!F:F, B16, NhatKy_ViPham!C:C, "T3") -> 100 | U16: =100 + SUMIFS(NhatKy_ViPham!J:J, NhatKy_ViPham!E:E, "10_Toan_A", NhatKy_ViPham!F:F, B16, NhatKy_ViPham!C:C, "T4") - SUMIFS(NhatKy_ViPham!K:K, NhatKy_ViPham!E:E, "10_Toan_A", NhatKy_ViPham!F:F, B16, NhatKy_ViPham!C:C, "T4") -> 100 | V16: =100 + SUMIFS(NhatKy_ViPham!J:J, NhatKy_ViPham!E:E, "10_Toan_A", NhatKy_ViPham!F:F, B16, NhatKy_ViPham!C:C, "T5") - SUMIFS(NhatKy_ViPham!K:K, NhatKy_ViPham!E:E, "10_Toan_A", NhatKy_ViPham!F:F, B16, NhatKy_ViPham!C:C, "T5") -> 100 | W16: =100 + SUMIFS(NhatKy_ViPham!J:J, NhatKy_ViPham!E:E, "10_Toan_A", NhatKy_ViPham!F:F, B16, NhatKy_ViPham!C:C, "T6") - SUMIFS(NhatKy_ViPham!K:K, NhatKy_ViPham!E:E, "10_Toan_A", NhatKy_ViPham!F:F, B16, NhatKy_ViPham!C:C, "T6") -> 100 | X16: =100 + SUMIFS(NhatKy_ViPham!J:J, NhatKy_ViPham!E:E, "10_Toan_A", NhatKy_ViPham!F:F, B16, NhatKy_ViPham!C:C, "T7") - SUMIFS(NhatKy_ViPham!K:K, NhatKy_ViPham!E:E, "10_Toan_A", NhatKy_ViPham!F:F, B16, NhatKy_ViPham!C:C, "T7") -> 100 | Y16: =100 + SUMIFS(NhatKy_ViPham!J:J, NhatKy_ViPham!E:E, "10_Toan_A", NhatKy_ViPham!F:F, B16, NhatKy_ViPham!C:C, "T8") - SUMIFS(NhatKy_ViPham!K:K, NhatKy_ViPham!E:E, "10_Toan_A", NhatKy_ViPham!F:F, B16, NhatKy_ViPham!C:C, "T8") -> 100 | Z16: =100 + SUMIFS(NhatKy_ViPham!J:J, NhatKy_ViPham!E:E, "10_Toan_A", NhatKy_ViPham!F:F, B16, NhatKy_ViPham!C:C, "T9") - SUMIFS(NhatKy_ViPham!K:K, NhatKy_ViPham!E:E, "10_Toan_A", NhatKy_ViPham!F:F, B16, NhatKy_ViPham!C:C, "T9") -> 100 | AA16: =100 + SUMIFS(NhatKy_ViPham!J:J, NhatKy_ViPham!E:E, "10_Toan_A", NhatKy_ViPham!F:F, B16, NhatKy_ViPham!C:C, "T10") - SUMIFS(NhatKy_ViPham!K:K, NhatKy_ViPham!E:E, "10_Toan_A", NhatKy_ViPham!F:F, B16, NhatKy_ViPham!C:C, "T10") -> 100 | AB16: =100 + SUMIFS(NhatKy_ViPham!J:J, NhatKy_ViPham!E:E, "10_Toan_A", NhatKy_ViPham!F:F, B16, NhatKy_ViPham!C:C, "T11") - SUMIFS(NhatKy_ViPham!K:K, NhatKy_ViPham!E:E, "10_Toan_A", NhatKy_ViPham!F:F, B16, NhatKy_ViPham!C:C, "T11") -> 100 | AC16: =100 + SUMIFS(NhatKy_ViPham!J:J, NhatKy_ViPham!E:E, "10_Toan_A", NhatKy_ViPham!F:F, B16, NhatKy_ViPham!C:C, "T12") - SUMIFS(NhatKy_ViPham!K:K, NhatKy_ViPham!E:E, "10_Toan_A", NhatKy_ViPham!F:F, B16, NhatKy_ViPham!C:C, "T12") -> 100 | AD16: =100 + SUMIFS(NhatKy_ViPham!J:J, NhatKy_ViPham!E:E, "10_Toan_A", NhatKy_ViPham!F:F, B16, NhatKy_ViPham!C:C, "T13") - SUMIFS(NhatKy_ViPham!K:K, NhatKy_ViPham!E:E, "10_Toan_A", NhatKy_ViPham!F:F, B16, NhatKy_ViPham!C:C, "T13") -> 100 | AE16: =100 + SUMIFS(NhatKy_ViPham!J:J, NhatKy_ViPham!E:E, "10_Toan_A", NhatKy_ViPham!F:F, B16, NhatKy_ViPham!C:C, "T14") - SUMIFS(NhatKy_ViPham!K:K, NhatKy_ViPham!E:E, "10_Toan_A", NhatKy_ViPham!F:F, B16, NhatKy_ViPham!C:C, "T14") -> 100 | AF16: =100 + SUMIFS(NhatKy_ViPham!J:J, NhatKy_ViPham!E:E, "10_Toan_A", NhatKy_ViPham!F:F, B16, NhatKy_ViPham!C:C, "T15") - SUMIFS(NhatKy_ViPham!K:K, NhatKy_ViPham!E:E, "10_Toan_A", NhatKy_ViPham!F:F, B16, NhatKy_ViPham!C:C, "T15") -> 100 | AG16: =100 + SUMIFS(NhatKy_ViPham!J:J, NhatKy_ViPham!E:E, "10_Toan_A", NhatKy_ViPham!F:F, B16, NhatKy_ViPham!C:C, "T16") - SUMIFS(NhatKy_ViPham!K:K, NhatKy_ViPham!E:E, "10_Toan_A", NhatKy_ViPham!F:F, B16, NhatKy_ViPham!C:C, "T16") -> 100 | AH16: =100 + SUMIFS(NhatKy_ViPham!J:J, NhatKy_ViPham!E:E, "10_Toan_A", NhatKy_ViPham!F:F, B16, NhatKy_ViPham!C:C, "T17") - SUMIFS(NhatKy_ViPham!K:K, NhatKy_ViPham!E:E, "10_Toan_A", NhatKy_ViPham!F:F, B16, NhatKy_ViPham!C:C, "T17") -> 100 | AI16: =100 + SUMIFS(NhatKy_ViPham!J:J, NhatKy_ViPham!E:E, "10_Toan_A", NhatKy_ViPham!F:F, B16, NhatKy_ViPham!C:C, "T18") - SUMIFS(NhatKy_ViPham!K:K, NhatKy_ViPham!E:E, "10_Toan_A", NhatKy_ViPham!F:F, B16, NhatKy_ViPham!C:C, "T18") -> 100 | AJ16: =100 + SUMIFS(NhatKy_ViPham!J:J, NhatKy_ViPham!E:E, "10_Toan_A", NhatKy_ViPham!F:F, B16, NhatKy_ViPham!C:C, "T19") - SUMIFS(NhatKy_ViPham!K:K, NhatKy_ViPham!E:E, "10_Toan_A", NhatKy_ViPham!F:F, B16, NhatKy_ViPham!C:C, "T19") -> 100 | AK16: =100 + SUMIFS(NhatKy_ViPham!J:J, NhatKy_ViPham!E:E, "10_Toan_A", NhatKy_ViPham!F:F, B16, NhatKy_ViPham!C:C, "T20") - SUMIFS(NhatKy_ViPham!K:K, NhatKy_ViPham!E:E, "10_Toan_A", NhatKy_ViPham!F:F, B16, NhatKy_ViPham!C:C, "T20") -> 100 | AL16: =100 + SUMIFS(NhatKy_ViPham!J:J, NhatKy_ViPham!E:E, "10_Toan_A", NhatKy_ViPham!F:F, B16, NhatKy_ViPham!C:C, "T21") - SUMIFS(NhatKy_ViPham!K:K, NhatKy_ViPham!E:E, "10_Toan_A", NhatKy_ViPham!F:F, B16, NhatKy_ViPham!C:C, "T21") -> 100 | AM16: =100 + SUMIFS(NhatKy_ViPham!J:J, NhatKy_ViPham!E:E, "10_Toan_A", NhatKy_ViPham!F:F, B16, NhatKy_ViPham!C:C, "T22") - SUMIFS(NhatKy_ViPham!K:K, NhatKy_ViPham!E:E, "10_Toan_A", NhatKy_ViPham!F:F, B16, NhatKy_ViPham!C:C, "T22") -> 100 | AN16: =100 + SUMIFS(NhatKy_ViPham!J:J, NhatKy_ViPham!E:E, "10_Toan_A", NhatKy_ViPham!F:F, B16, NhatKy_ViPham!C:C, "T23") - SUMIFS(NhatKy_ViPham!K:K, NhatKy_ViPham!E:E, "10_Toan_A", NhatKy_ViPham!F:F, B16, NhatKy_ViPham!C:C, "T23") -> 100 | AO16: =100 + SUMIFS(NhatKy_ViPham!J:J, NhatKy_ViPham!E:E, "10_Toan_A", NhatKy_ViPham!F:F, B16, NhatKy_ViPham!C:C, "T24") - SUMIFS(NhatKy_ViPham!K:K, NhatKy_ViPham!E:E, "10_Toan_A", NhatKy_ViPham!F:F, B16, NhatKy_ViPham!C:C, "T24") -> 100 | AP16: =100 + SUMIFS(NhatKy_ViPham!J:J, NhatKy_ViPham!E:E, "10_Toan_A", NhatKy_ViPham!F:F, B16, NhatKy_ViPham!C:C, "T25") - SUMIFS(NhatKy_ViPham!K:K, NhatKy_ViPham!E:E, "10_Toan_A", NhatKy_ViPham!F:F, B16, NhatKy_ViPham!C:C, "T25") -> 100 | AQ16: =100 + SUMIFS(NhatKy_ViPham!J:J, NhatKy_ViPham!E:E, "10_Toan_A", NhatKy_ViPham!F:F, B16, NhatKy_ViPham!C:C, "T26") - SUMIFS(NhatKy_ViPham!K:K, NhatKy_ViPham!E:E, "10_Toan_A", NhatKy_ViPham!F:F, B16, NhatKy_ViPham!C:C, "T26") -> 100 | AR16: =100 + SUMIFS(NhatKy_ViPham!J:J, NhatKy_ViPham!E:E, "10_Toan_A", NhatKy_ViPham!F:F, B16, NhatKy_ViPham!C:C, "T27") - SUMIFS(NhatKy_ViPham!K:K, NhatKy_ViPham!E:E, "10_Toan_A", NhatKy_ViPham!F:F, B16, NhatKy_ViPham!C:C, "T27") -> 100 | AS16: =100 + SUMIFS(NhatKy_ViPham!J:J, NhatKy_ViPham!E:E, "10_Toan_A", NhatKy_ViPham!F:F, B16, NhatKy_ViPham!C:C, "T28") - SUMIFS(NhatKy_ViPham!K:K, NhatKy_ViPham!E:E, "10_Toan_A", NhatKy_ViPham!F:F, B16, NhatKy_ViPham!C:C, "T28") -> 100 | AT16: =100 + SUMIFS(NhatKy_ViPham!J:J, NhatKy_ViPham!E:E, "10_Toan_A", NhatKy_ViPham!F:F, B16, NhatKy_ViPham!C:C, "T29") - SUMIFS(NhatKy_ViPham!K:K, NhatKy_ViPham!E:E, "10_Toan_A", NhatKy_ViPham!F:F, B16, NhatKy_ViPham!C:C, "T29") -> 100 | AU16: =100 + SUMIFS(NhatKy_ViPham!J:J, NhatKy_ViPham!E:E, "10_Toan_A", NhatKy_ViPham!F:F, B16, NhatKy_ViPham!C:C, "T30") - SUMIFS(NhatKy_ViPham!K:K, NhatKy_ViPham!E:E, "10_Toan_A", NhatKy_ViPham!F:F, B16, NhatKy_ViPham!C:C, "T30") -> 100 | AV16: =100 + SUMIFS(NhatKy_ViPham!J:J, NhatKy_ViPham!E:E, "10_Toan_A", NhatKy_ViPham!F:F, B16, NhatKy_ViPham!C:C, "T31") - SUMIFS(NhatKy_ViPham!K:K, NhatKy_ViPham!E:E, "10_Toan_A", NhatKy_ViPham!F:F, B16, NhatKy_ViPham!C:C, "T31") -> 100 | AW16: =100 + SUMIFS(NhatKy_ViPham!J:J, NhatKy_ViPham!E:E, "10_Toan_A", NhatKy_ViPham!F:F, B16, NhatKy_ViPham!C:C, "T32") - SUMIFS(NhatKy_ViPham!K:K, NhatKy_ViPham!E:E, "10_Toan_A", NhatKy_ViPham!F:F, B16, NhatKy_ViPham!C:C, "T32") -> 100 | AX16: =100 + SUMIFS(NhatKy_ViPham!J:J, NhatKy_ViPham!E:E, "10_Toan_A", NhatKy_ViPham!F:F, B16, NhatKy_ViPham!C:C, "T33") - SUMIFS(NhatKy_ViPham!K:K, NhatKy_ViPham!E:E, "10_Toan_A", NhatKy_ViPham!F:F, B16, NhatKy_ViPham!C:C, "T33") -> 100 | AY16: =100 + SUMIFS(NhatKy_ViPham!J:J, NhatKy_ViPham!E:E, "10_Toan_A", NhatKy_ViPham!F:F, B16, NhatKy_ViPham!C:C, "T34") - SUMIFS(NhatKy_ViPham!K:K, NhatKy_ViPham!E:E, "10_Toan_A", NhatKy_ViPham!F:F, B16, NhatKy_ViPham!C:C, "T34") -> 100 | AZ16: =100 + SUMIFS(NhatKy_ViPham!J:J, NhatKy_ViPham!E:E, "10_Toan_A", NhatKy_ViPham!F:F, B16, NhatKy_ViPham!C:C, "T35") - SUMIFS(NhatKy_ViPham!K:K, NhatKy_ViPham!E:E, "10_Toan_A", NhatKy_ViPham!F:F, B16, NhatKy_ViPham!C:C, "T35") -> 100 | BA16: =ROUND(AVERAGE(R16:AZ16), 1) -> 100 | BB16: Không | BC16: =IF(BB16="Có", "Chưa đạt", IF(BA16>=85, "Tốt", IF(BA16>=70, "Khá", IF(BA16>=50, "Đạt", "Chưa đạt")))) -> Tốt | BD16: =IF(BC16="Chưa đạt", "🔴 Nguy cơ CHƯA ĐẠT", IF(BC16="Đạt", "🟡 CẦN NHẮC NHỞ", "🟢 BÌNH THƯỜNG")) -> 🟢 BÌNH THƯỜNG
A17: 9 | B17: Nguyễn Hương Giang | C17: 15/11/2011 | D17: Nữ | E17: Không | F17: =SUMIFS(NhatKy_ViPham!K:K, NhatKy_ViPham!E:E, "10_Toan_A", NhatKy_ViPham!F:F, B17, NhatKy_ViPham!H:H, "L01") -> 0 | G17: =SUMIFS(NhatKy_ViPham!K:K, NhatKy_ViPham!E:E, "10_Toan_A", NhatKy_ViPham!F:F, B17, NhatKy_ViPham!H:H, "L02") -> 0 | H17: =SUMIFS(NhatKy_ViPham!K:K, NhatKy_ViPham!E:E, "10_Toan_A", NhatKy_ViPham!F:F, B17, NhatKy_ViPham!H:H, "L03") -> 0 | I17: =SUMIFS(NhatKy_ViPham!K:K, NhatKy_ViPham!E:E, "10_Toan_A", NhatKy_ViPham!F:F, B17, NhatKy_ViPham!H:H, "L04") -> 0 | J17: =SUMIFS(NhatKy_ViPham!K:K, NhatKy_ViPham!E:E, "10_Toan_A", NhatKy_ViPham!F:F, B17, NhatKy_ViPham!H:H, "L05") -> 0 | K17: =SUMIFS(NhatKy_ViPham!K:K, NhatKy_ViPham!E:E, "10_Toan_A", NhatKy_ViPham!F:F, B17, NhatKy_ViPham!H:H, "L06") -> 0 | L17: =SUMIFS(NhatKy_ViPham!K:K, NhatKy_ViPham!E:E, "10_Toan_A", NhatKy_ViPham!F:F, B17, NhatKy_ViPham!H:H, "L07") -> 0 | M17: =SUMIFS(NhatKy_ViPham!K:K, NhatKy_ViPham!E:E, "10_Toan_A", NhatKy_ViPham!F:F, B17, NhatKy_ViPham!H:H, "L08") -> 0 | N17: =SUMIFS(NhatKy_ViPham!K:K, NhatKy_ViPham!E:E, "10_Toan_A", NhatKy_ViPham!F:F, B17, NhatKy_ViPham!H:H, "L09") -> 0 | O17: =SUMIFS(NhatKy_ViPham!K:K, NhatKy_ViPham!E:E, "10_Toan_A", NhatKy_ViPham!F:F, B17, NhatKy_ViPham!H:H, "L10") -> 0 | P17: =SUMIFS(NhatKy_ViPham!J:J, NhatKy_ViPham!E:E, "10_Toan_A", NhatKy_ViPham!F:F, B17) -> 0 | Q17: =SUMIFS(NhatKy_ViPham!K:K, NhatKy_ViPham!E:E, "10_Toan_A", NhatKy_ViPham!F:F, B17) -> 0 | R17: =100 + SUMIFS(NhatKy_ViPham!J:J, NhatKy_ViPham!E:E, "10_Toan_A", NhatKy_ViPham!F:F, B17, NhatKy_ViPham!C:C, "T1") - SUMIFS(NhatKy_ViPham!K:K, NhatKy_ViPham!E:E, "10_Toan_A", NhatKy_ViPham!F:F, B17, NhatKy_ViPham!C:C, "T1") -> 100 | S17: =100 + SUMIFS(NhatKy_ViPham!J:J, NhatKy_ViPham!E:E, "10_Toan_A", NhatKy_ViPham!F:F, B17, NhatKy_ViPham!C:C, "T2") - SUMIFS(NhatKy_ViPham!K:K, NhatKy_ViPham!E:E, "10_Toan_A", NhatKy_ViPham!F:F, B17, NhatKy_ViPham!C:C, "T2") -> 100 | T17: =100 + SUMIFS(NhatKy_ViPham!J:J, NhatKy_ViPham!E:E, "10_Toan_A", NhatKy_ViPham!F:F, B17, NhatKy_ViPham!C:C, "T3") - SUMIFS(NhatKy_ViPham!K:K, NhatKy_ViPham!E:E, "10_Toan_A", NhatKy_ViPham!F:F, B17, NhatKy_ViPham!C:C, "T3") -> 100 | U17: =100 + SUMIFS(NhatKy_ViPham!J:J, NhatKy_ViPham!E:E, "10_Toan_A", NhatKy_ViPham!F:F, B17, NhatKy_ViPham!C:C, "T4") - SUMIFS(NhatKy_ViPham!K:K, NhatKy_ViPham!E:E, "10_Toan_A", NhatKy_ViPham!F:F, B17, NhatKy_ViPham!C:C, "T4") -> 100 | V17: =100 + SUMIFS(NhatKy_ViPham!J:J, NhatKy_ViPham!E:E, "10_Toan_A", NhatKy_ViPham!F:F, B17, NhatKy_ViPham!C:C, "T5") - SUMIFS(NhatKy_ViPham!K:K, NhatKy_ViPham!E:E, "10_Toan_A", NhatKy_ViPham!F:F, B17, NhatKy_ViPham!C:C, "T5") -> 100 | W17: =100 + SUMIFS(NhatKy_ViPham!J:J, NhatKy_ViPham!E:E, "10_Toan_A", NhatKy_ViPham!F:F, B17, NhatKy_ViPham!C:C, "T6") - SUMIFS(NhatKy_ViPham!K:K, NhatKy_ViPham!E:E, "10_Toan_A", NhatKy_ViPham!F:F, B17, NhatKy_ViPham!C:C, "T6") -> 100 | X17: =100 + SUMIFS(NhatKy_ViPham!J:J, NhatKy_ViPham!E:E, "10_Toan_A", NhatKy_ViPham!F:F, B17, NhatKy_ViPham!C:C, "T7") - SUMIFS(NhatKy_ViPham!K:K, NhatKy_ViPham!E:E, "10_Toan_A", NhatKy_ViPham!F:F, B17, NhatKy_ViPham!C:C, "T7") -> 100 | Y17: =100 + SUMIFS(NhatKy_ViPham!J:J, NhatKy_ViPham!E:E, "10_Toan_A", NhatKy_ViPham!F:F, B17, NhatKy_ViPham!C:C, "T8") - SUMIFS(NhatKy_ViPham!K:K, NhatKy_ViPham!E:E, "10_Toan_A", NhatKy_ViPham!F:F, B17, NhatKy_ViPham!C:C, "T8") -> 100 | Z17: =100 + SUMIFS(NhatKy_ViPham!J:J, NhatKy_ViPham!E:E, "10_Toan_A", NhatKy_ViPham!F:F, B17, NhatKy_ViPham!C:C, "T9") - SUMIFS(NhatKy_ViPham!K:K, NhatKy_ViPham!E:E, "10_Toan_A", NhatKy_ViPham!F:F, B17, NhatKy_ViPham!C:C, "T9") -> 100 | AA17: =100 + SUMIFS(NhatKy_ViPham!J:J, NhatKy_ViPham!E:E, "10_Toan_A", NhatKy_ViPham!F:F, B17, NhatKy_ViPham!C:C, "T10") - SUMIFS(NhatKy_ViPham!K:K, NhatKy_ViPham!E:E, "10_Toan_A", NhatKy_ViPham!F:F, B17, NhatKy_ViPham!C:C, "T10") -> 100 | AB17: =100 + SUMIFS(NhatKy_ViPham!J:J, NhatKy_ViPham!E:E, "10_Toan_A", NhatKy_ViPham!F:F, B17, NhatKy_ViPham!C:C, "T11") - SUMIFS(NhatKy_ViPham!K:K, NhatKy_ViPham!E:E, "10_Toan_A", NhatKy_ViPham!F:F, B17, NhatKy_ViPham!C:C, "T11") -> 100 | AC17: =100 + SUMIFS(NhatKy_ViPham!J:J, NhatKy_ViPham!E:E, "10_Toan_A", NhatKy_ViPham!F:F, B17, NhatKy_ViPham!C:C, "T12") - SUMIFS(NhatKy_ViPham!K:K, NhatKy_ViPham!E:E, "10_Toan_A", NhatKy_ViPham!F:F, B17, NhatKy_ViPham!C:C, "T12") -> 100 | AD17: =100 + SUMIFS(NhatKy_ViPham!J:J, NhatKy_ViPham!E:E, "10_Toan_A", NhatKy_ViPham!F:F, B17, NhatKy_ViPham!C:C, "T13") - SUMIFS(NhatKy_ViPham!K:K, NhatKy_ViPham!E:E, "10_Toan_A", NhatKy_ViPham!F:F, B17, NhatKy_ViPham!C:C, "T13") -> 100 | AE17: =100 + SUMIFS(NhatKy_ViPham!J:J, NhatKy_ViPham!E:E, "10_Toan_A", NhatKy_ViPham!F:F, B17, NhatKy_ViPham!C:C, "T14") - SUMIFS(NhatKy_ViPham!K:K, NhatKy_ViPham!E:E, "10_Toan_A", NhatKy_ViPham!F:F, B17, NhatKy_ViPham!C:C, "T14") -> 100 | AF17: =100 + SUMIFS(NhatKy_ViPham!J:J, NhatKy_ViPham!E:E, "10_Toan_A", NhatKy_ViPham!F:F, B17, NhatKy_ViPham!C:C, "T15") - SUMIFS(NhatKy_ViPham!K:K, NhatKy_ViPham!E:E, "10_Toan_A", NhatKy_ViPham!F:F, B17, NhatKy_ViPham!C:C, "T15") -> 100 | AG17: =100 + SUMIFS(NhatKy_ViPham!J:J, NhatKy_ViPham!E:E, "10_Toan_A", NhatKy_ViPham!F:F, B17, NhatKy_ViPham!C:C, "T16") - SUMIFS(NhatKy_ViPham!K:K, NhatKy_ViPham!E:E, "10_Toan_A", NhatKy_ViPham!F:F, B17, NhatKy_ViPham!C:C, "T16") -> 100 | AH17: =100 + SUMIFS(NhatKy_ViPham!J:J, NhatKy_ViPham!E:E, "10_Toan_A", NhatKy_ViPham!F:F, B17, NhatKy_ViPham!C:C, "T17") - SUMIFS(NhatKy_ViPham!K:K, NhatKy_ViPham!E:E, "10_Toan_A", NhatKy_ViPham!F:F, B17, NhatKy_ViPham!C:C, "T17") -> 100 | AI17: =100 + SUMIFS(NhatKy_ViPham!J:J, NhatKy_ViPham!E:E, "10_Toan_A", NhatKy_ViPham!F:F, B17, NhatKy_ViPham!C:C, "T18") - SUMIFS(NhatKy_ViPham!K:K, NhatKy_ViPham!E:E, "10_Toan_A", NhatKy_ViPham!F:F, B17, NhatKy_ViPham!C:C, "T18") -> 100 | AJ17: =100 + SUMIFS(NhatKy_ViPham!J:J, NhatKy_ViPham!E:E, "10_Toan_A", NhatKy_ViPham!F:F, B17, NhatKy_ViPham!C:C, "T19") - SUMIFS(NhatKy_ViPham!K:K, NhatKy_ViPham!E:E, "10_Toan_A", NhatKy_ViPham!F:F, B17, NhatKy_ViPham!C:C, "T19") -> 100 | AK17: =100 + SUMIFS(NhatKy_ViPham!J:J, NhatKy_ViPham!E:E, "10_Toan_A", NhatKy_ViPham!F:F, B17, NhatKy_ViPham!C:C, "T20") - SUMIFS(NhatKy_ViPham!K:K, NhatKy_ViPham!E:E, "10_Toan_A", NhatKy_ViPham!F:F, B17, NhatKy_ViPham!C:C, "T20") -> 100 | AL17: =100 + SUMIFS(NhatKy_ViPham!J:J, NhatKy_ViPham!E:E, "10_Toan_A", NhatKy_ViPham!F:F, B17, NhatKy_ViPham!C:C, "T21") - SUMIFS(NhatKy_ViPham!K:K, NhatKy_ViPham!E:E, "10_Toan_A", NhatKy_ViPham!F:F, B17, NhatKy_ViPham!C:C, "T21") -> 100 | AM17: =100 + SUMIFS(NhatKy_ViPham!J:J, NhatKy_ViPham!E:E, "10_Toan_A", NhatKy_ViPham!F:F, B17, NhatKy_ViPham!C:C, "T22") - SUMIFS(NhatKy_ViPham!K:K, NhatKy_ViPham!E:E, "10_Toan_A", NhatKy_ViPham!F:F, B17, NhatKy_ViPham!C:C, "T22") -> 100 | AN17: =100 + SUMIFS(NhatKy_ViPham!J:J, NhatKy_ViPham!E:E, "10_Toan_A", NhatKy_ViPham!F:F, B17, NhatKy_ViPham!C:C, "T23") - SUMIFS(NhatKy_ViPham!K:K, NhatKy_ViPham!E:E, "10_Toan_A", NhatKy_ViPham!F:F, B17, NhatKy_ViPham!C:C, "T23") -> 100 | AO17: =100 + SUMIFS(NhatKy_ViPham!J:J, NhatKy_ViPham!E:E, "10_Toan_A", NhatKy_ViPham!F:F, B17, NhatKy_ViPham!C:C, "T24") - SUMIFS(NhatKy_ViPham!K:K, NhatKy_ViPham!E:E, "10_Toan_A", NhatKy_ViPham!F:F, B17, NhatKy_ViPham!C:C, "T24") -> 100 | AP17: =100 + SUMIFS(NhatKy_ViPham!J:J, NhatKy_ViPham!E:E, "10_Toan_A", NhatKy_ViPham!F:F, B17, NhatKy_ViPham!C:C, "T25") - SUMIFS(NhatKy_ViPham!K:K, NhatKy_ViPham!E:E, "10_Toan_A", NhatKy_ViPham!F:F, B17, NhatKy_ViPham!C:C, "T25") -> 100 | AQ17: =100 + SUMIFS(NhatKy_ViPham!J:J, NhatKy_ViPham!E:E, "10_Toan_A", NhatKy_ViPham!F:F, B17, NhatKy_ViPham!C:C, "T26") - SUMIFS(NhatKy_ViPham!K:K, NhatKy_ViPham!E:E, "10_Toan_A", NhatKy_ViPham!F:F, B17, NhatKy_ViPham!C:C, "T26") -> 100 | AR17: =100 + SUMIFS(NhatKy_ViPham!J:J, NhatKy_ViPham!E:E, "10_Toan_A", NhatKy_ViPham!F:F, B17, NhatKy_ViPham!C:C, "T27") - SUMIFS(NhatKy_ViPham!K:K, NhatKy_ViPham!E:E, "10_Toan_A", NhatKy_ViPham!F:F, B17, NhatKy_ViPham!C:C, "T27") -> 100 | AS17: =100 + SUMIFS(NhatKy_ViPham!J:J, NhatKy_ViPham!E:E, "10_Toan_A", NhatKy_ViPham!F:F, B17, NhatKy_ViPham!C:C, "T28") - SUMIFS(NhatKy_ViPham!K:K, NhatKy_ViPham!E:E, "10_Toan_A", NhatKy_ViPham!F:F, B17, NhatKy_ViPham!C:C, "T28") -> 100 | AT17: =100 + SUMIFS(NhatKy_ViPham!J:J, NhatKy_ViPham!E:E, "10_Toan_A", NhatKy_ViPham!F:F, B17, NhatKy_ViPham!C:C, "T29") - SUMIFS(NhatKy_ViPham!K:K, NhatKy_ViPham!E:E, "10_Toan_A", NhatKy_ViPham!F:F, B17, NhatKy_ViPham!C:C, "T29") -> 100 | AU17: =100 + SUMIFS(NhatKy_ViPham!J:J, NhatKy_ViPham!E:E, "10_Toan_A", NhatKy_ViPham!F:F, B17, NhatKy_ViPham!C:C, "T30") - SUMIFS(NhatKy_ViPham!K:K, NhatKy_ViPham!E:E, "10_Toan_A", NhatKy_ViPham!F:F, B17, NhatKy_ViPham!C:C, "T30") -> 100 | AV17: =100 + SUMIFS(NhatKy_ViPham!J:J, NhatKy_ViPham!E:E, "10_Toan_A", NhatKy_ViPham!F:F, B17, NhatKy_ViPham!C:C, "T31") - SUMIFS(NhatKy_ViPham!K:K, NhatKy_ViPham!E:E, "10_Toan_A", NhatKy_ViPham!F:F, B17, NhatKy_ViPham!C:C, "T31") -> 100 | AW17: =100 + SUMIFS(NhatKy_ViPham!J:J, NhatKy_ViPham!E:E, "10_Toan_A", NhatKy_ViPham!F:F, B17, NhatKy_ViPham!C:C, "T32") - SUMIFS(NhatKy_ViPham!K:K, NhatKy_ViPham!E:E, "10_Toan_A", NhatKy_ViPham!F:F, B17, NhatKy_ViPham!C:C, "T32") -> 100 | AX17: =100 + SUMIFS(NhatKy_ViPham!J:J, NhatKy_ViPham!E:E, "10_Toan_A", NhatKy_ViPham!F:F, B17, NhatKy_ViPham!C:C, "T33") - SUMIFS(NhatKy_ViPham!K:K, NhatKy_ViPham!E:E, "10_Toan_A", NhatKy_ViPham!F:F, B17, NhatKy_ViPham!C:C, "T33") -> 100 | AY17: =100 + SUMIFS(NhatKy_ViPham!J:J, NhatKy_ViPham!E:E, "10_Toan_A", NhatKy_ViPham!F:F, B17, NhatKy_ViPham!C:C, "T34") - SUMIFS(NhatKy_ViPham!K:K, NhatKy_ViPham!E:E, "10_Toan_A", NhatKy_ViPham!F:F, B17, NhatKy_ViPham!C:C, "T34") -> 100 | AZ17: =100 + SUMIFS(NhatKy_ViPham!J:J, NhatKy_ViPham!E:E, "10_Toan_A", NhatKy_ViPham!F:F, B17, NhatKy_ViPham!C:C, "T35") - SUMIFS(NhatKy_ViPham!K:K, NhatKy_ViPham!E:E, "10_Toan_A", NhatKy_ViPham!F:F, B17, NhatKy_ViPham!C:C, "T35") -> 100 | BA17: =ROUND(AVERAGE(R17:AZ17), 1) -> 100 | BB17: Không | BC17: =IF(BB17="Có", "Chưa đạt", IF(BA17>=85, "Tốt", IF(BA17>=70, "Khá", IF(BA17>=50, "Đạt", "Chưa đạt")))) -> Tốt | BD17: =IF(BC17="Chưa đạt", "🔴 Nguy cơ CHƯA ĐẠT", IF(BC17="Đạt", "🟡 CẦN NHẮC NHỞ", "🟢 BÌNH THƯỜNG")) -> 🟢 BÌNH THƯỜNG
A18: 10 | B18: Lương Minh Hằng | C18: 20/08/2011 | D18: Nữ | E18: Không | F18: =SUMIFS(NhatKy_ViPham!K:K, NhatKy_ViPham!E:E, "10_Toan_A", NhatKy_ViPham!F:F, B18, NhatKy_ViPham!H:H, "L01") -> 0 | G18: =SUMIFS(NhatKy_ViPham!K:K, NhatKy_ViPham!E:E, "10_Toan_A", NhatKy_ViPham!F:F, B18, NhatKy_ViPham!H:H, "L02") -> 0 | H18: =SUMIFS(NhatKy_ViPham!K:K, NhatKy_ViPham!E:E, "10_Toan_A", NhatKy_ViPham!F:F, B18, NhatKy_ViPham!H:H, "L03") -> 0 | I18: =SUMIFS(NhatKy_ViPham!K:K, NhatKy_ViPham!E:E, "10_Toan_A", NhatKy_ViPham!F:F, B18, NhatKy_ViPham!H:H, "L04") -> 0 | J18: =SUMIFS(NhatKy_ViPham!K:K, NhatKy_ViPham!E:E, "10_Toan_A", NhatKy_ViPham!F:F, B18, NhatKy_ViPham!H:H, "L05") -> 0 | K18: =SUMIFS(NhatKy_ViPham!K:K, NhatKy_ViPham!E:E, "10_Toan_A", NhatKy_ViPham!F:F, B18, NhatKy_ViPham!H:H, "L06") -> 0 | L18: =SUMIFS(NhatKy_ViPham!K:K, NhatKy_ViPham!E:E, "10_Toan_A", NhatKy_ViPham!F:F, B18, NhatKy_ViPham!H:H, "L07") -> 0 | M18: =SUMIFS(NhatKy_ViPham!K:K, NhatKy_ViPham!E:E, "10_Toan_A", NhatKy_ViPham!F:F, B18, NhatKy_ViPham!H:H, "L08") -> 0 | N18: =SUMIFS(NhatKy_ViPham!K:K, NhatKy_ViPham!E:E, "10_Toan_A", NhatKy_ViPham!F:F, B18, NhatKy_ViPham!H:H, "L09") -> 0 | O18: =SUMIFS(NhatKy_ViPham!K:K, NhatKy_ViPham!E:E, "10_Toan_A", NhatKy_ViPham!F:F, B18, NhatKy_ViPham!H:H, "L10") -> 0 | P18: =SUMIFS(NhatKy_ViPham!J:J, NhatKy_ViPham!E:E, "10_Toan_A", NhatKy_ViPham!F:F, B18) -> 0 | Q18: =SUMIFS(NhatKy_ViPham!K:K, NhatKy_ViPham!E:E, "10_Toan_A", NhatKy_ViPham!F:F, B18) -> 0 | R18: =100 + SUMIFS(NhatKy_ViPham!J:J, NhatKy_ViPham!E:E, "10_Toan_A", NhatKy_ViPham!F:F, B18, NhatKy_ViPham!C:C, "T1") - SUMIFS(NhatKy_ViPham!K:K, NhatKy_ViPham!E:E, "10_Toan_A", NhatKy_ViPham!F:F, B18, NhatKy_ViPham!C:C, "T1") -> 100 | S18: =100 + SUMIFS(NhatKy_ViPham!J:J, NhatKy_ViPham!E:E, "10_Toan_A", NhatKy_ViPham!F:F, B18, NhatKy_ViPham!C:C, "T2") - SUMIFS(NhatKy_ViPham!K:K, NhatKy_ViPham!E:E, "10_Toan_A", NhatKy_ViPham!F:F, B18, NhatKy_ViPham!C:C, "T2") -> 100 | T18: =100 + SUMIFS(NhatKy_ViPham!J:J, NhatKy_ViPham!E:E, "10_Toan_A", NhatKy_ViPham!F:F, B18, NhatKy_ViPham!C:C, "T3") - SUMIFS(NhatKy_ViPham!K:K, NhatKy_ViPham!E:E, "10_Toan_A", NhatKy_ViPham!F:F, B18, NhatKy_ViPham!C:C, "T3") -> 100 | U18: =100 + SUMIFS(NhatKy_ViPham!J:J, NhatKy_ViPham!E:E, "10_Toan_A", NhatKy_ViPham!F:F, B18, NhatKy_ViPham!C:C, "T4") - SUMIFS(NhatKy_ViPham!K:K, NhatKy_ViPham!E:E, "10_Toan_A", NhatKy_ViPham!F:F, B18, NhatKy_ViPham!C:C, "T4") -> 100 | V18: =100 + SUMIFS(NhatKy_ViPham!J:J, NhatKy_ViPham!E:E, "10_Toan_A", NhatKy_ViPham!F:F, B18, NhatKy_ViPham!C:C, "T5") - SUMIFS(NhatKy_ViPham!K:K, NhatKy_ViPham!E:E, "10_Toan_A", NhatKy_ViPham!F:F, B18, NhatKy_ViPham!C:C, "T5") -> 100 | W18: =100 + SUMIFS(NhatKy_ViPham!J:J, NhatKy_ViPham!E:E, "10_Toan_A", NhatKy_ViPham!F:F, B18, NhatKy_ViPham!C:C, "T6") - SUMIFS(NhatKy_ViPham!K:K, NhatKy_ViPham!E:E, "10_Toan_A", NhatKy_ViPham!F:F, B18, NhatKy_ViPham!C:C, "T6") -> 100 | X18: =100 + SUMIFS(NhatKy_ViPham!J:J, NhatKy_ViPham!E:E, "10_Toan_A", NhatKy_ViPham!F:F, B18, NhatKy_ViPham!C:C, "T7") - SUMIFS(NhatKy_ViPham!K:K, NhatKy_ViPham!E:E, "10_Toan_A", NhatKy_ViPham!F:F, B18, NhatKy_ViPham!C:C, "T7") -> 100 | Y18: =100 + SUMIFS(NhatKy_ViPham!J:J, NhatKy_ViPham!E:E, "10_Toan_A", NhatKy_ViPham!F:F, B18, NhatKy_ViPham!C:C, "T8") - SUMIFS(NhatKy_ViPham!K:K, NhatKy_ViPham!E:E, "10_Toan_A", NhatKy_ViPham!F:F, B18, NhatKy_ViPham!C:C, "T8") -> 100 | Z18: =100 + SUMIFS(NhatKy_ViPham!J:J, NhatKy_ViPham!E:E, "10_Toan_A", NhatKy_ViPham!F:F, B18, NhatKy_ViPham!C:C, "T9") - SUMIFS(NhatKy_ViPham!K:K, NhatKy_ViPham!E:E, "10_Toan_A", NhatKy_ViPham!F:F, B18, NhatKy_ViPham!C:C, "T9") -> 100 | AA18: =100 + SUMIFS(NhatKy_ViPham!J:J, NhatKy_ViPham!E:E, "10_Toan_A", NhatKy_ViPham!F:F, B18, NhatKy_ViPham!C:C, "T10") - SUMIFS(NhatKy_ViPham!K:K, NhatKy_ViPham!E:E, "10_Toan_A", NhatKy_ViPham!F:F, B18, NhatKy_ViPham!C:C, "T10") -> 100 | AB18: =100 + SUMIFS(NhatKy_ViPham!J:J, NhatKy_ViPham!E:E, "10_Toan_A", NhatKy_ViPham!F:F, B18, NhatKy_ViPham!C:C, "T11") - SUMIFS(NhatKy_ViPham!K:K, NhatKy_ViPham!E:E, "10_Toan_A", NhatKy_ViPham!F:F, B18, NhatKy_ViPham!C:C, "T11") -> 100 | AC18: =100 + SUMIFS(NhatKy_ViPham!J:J, NhatKy_ViPham!E:E, "10_Toan_A", NhatKy_ViPham!F:F, B18, NhatKy_ViPham!C:C, "T12") - SUMIFS(NhatKy_ViPham!K:K, NhatKy_ViPham!E:E, "10_Toan_A", NhatKy_ViPham!F:F, B18, NhatKy_ViPham!C:C, "T12") -> 100 | AD18: =100 + SUMIFS(NhatKy_ViPham!J:J, NhatKy_ViPham!E:E, "10_Toan_A", NhatKy_ViPham!F:F, B18, NhatKy_ViPham!C:C, "T13") - SUMIFS(NhatKy_ViPham!K:K, NhatKy_ViPham!E:E, "10_Toan_A", NhatKy_ViPham!F:F, B18, NhatKy_ViPham!C:C, "T13") -> 100 | AE18: =100 + SUMIFS(NhatKy_ViPham!J:J, NhatKy_ViPham!E:E, "10_Toan_A", NhatKy_ViPham!F:F, B18, NhatKy_ViPham!C:C, "T14") - SUMIFS(NhatKy_ViPham!K:K, NhatKy_ViPham!E:E, "10_Toan_A", NhatKy_ViPham!F:F, B18, NhatKy_ViPham!C:C, "T14") -> 100 | AF18: =100 + SUMIFS(NhatKy_ViPham!J:J, NhatKy_ViPham!E:E, "10_Toan_A", NhatKy_ViPham!F:F, B18, NhatKy_ViPham!C:C, "T15") - SUMIFS(NhatKy_ViPham!K:K, NhatKy_ViPham!E:E, "10_Toan_A", NhatKy_ViPham!F:F, B18, NhatKy_ViPham!C:C, "T15") -> 100 | AG18: =100 + SUMIFS(NhatKy_ViPham!J:J, NhatKy_ViPham!E:E, "10_Toan_A", NhatKy_ViPham!F:F, B18, NhatKy_ViPham!C:C, "T16") - SUMIFS(NhatKy_ViPham!K:K, NhatKy_ViPham!E:E, "10_Toan_A", NhatKy_ViPham!F:F, B18, NhatKy_ViPham!C:C, "T16") -> 100 | AH18: =100 + SUMIFS(NhatKy_ViPham!J:J, NhatKy_ViPham!E:E, "10_Toan_A", NhatKy_ViPham!F:F, B18, NhatKy_ViPham!C:C, "T17") - SUMIFS(NhatKy_ViPham!K:K, NhatKy_ViPham!E:E, "10_Toan_A", NhatKy_ViPham!F:F, B18, NhatKy_ViPham!C:C, "T17") -> 100 | AI18: =100 + SUMIFS(NhatKy_ViPham!J:J, NhatKy_ViPham!E:E, "10_Toan_A", NhatKy_ViPham!F:F, B18, NhatKy_ViPham!C:C, "T18") - SUMIFS(NhatKy_ViPham!K:K, NhatKy_ViPham!E:E, "10_Toan_A", NhatKy_ViPham!F:F, B18, NhatKy_ViPham!C:C, "T18") -> 100 | AJ18: =100 + SUMIFS(NhatKy_ViPham!J:J, NhatKy_ViPham!E:E, "10_Toan_A", NhatKy_ViPham!F:F, B18, NhatKy_ViPham!C:C, "T19") - SUMIFS(NhatKy_ViPham!K:K, NhatKy_ViPham!E:E, "10_Toan_A", NhatKy_ViPham!F:F, B18, NhatKy_ViPham!C:C, "T19") -> 100 | AK18: =100 + SUMIFS(NhatKy_ViPham!J:J, NhatKy_ViPham!E:E, "10_Toan_A", NhatKy_ViPham!F:F, B18, NhatKy_ViPham!C:C, "T20") - SUMIFS(NhatKy_ViPham!K:K, NhatKy_ViPham!E:E, "10_Toan_A", NhatKy_ViPham!F:F, B18, NhatKy_ViPham!C:C, "T20") -> 100 | AL18: =100 + SUMIFS(NhatKy_ViPham!J:J, NhatKy_ViPham!E:E, "10_Toan_A", NhatKy_ViPham!F:F, B18, NhatKy_ViPham!C:C, "T21") - SUMIFS(NhatKy_ViPham!K:K, NhatKy_ViPham!E:E, "10_Toan_A", NhatKy_ViPham!F:F, B18, NhatKy_ViPham!C:C, "T21") -> 100 | AM18: =100 + SUMIFS(NhatKy_ViPham!J:J, NhatKy_ViPham!E:E, "10_Toan_A", NhatKy_ViPham!F:F, B18, NhatKy_ViPham!C:C, "T22") - SUMIFS(NhatKy_ViPham!K:K, NhatKy_ViPham!E:E, "10_Toan_A", NhatKy_ViPham!F:F, B18, NhatKy_ViPham!C:C, "T22") -> 100 | AN18: =100 + SUMIFS(NhatKy_ViPham!J:J, NhatKy_ViPham!E:E, "10_Toan_A", NhatKy_ViPham!F:F, B18, NhatKy_ViPham!C:C, "T23") - SUMIFS(NhatKy_ViPham!K:K, NhatKy_ViPham!E:E, "10_Toan_A", NhatKy_ViPham!F:F, B18, NhatKy_ViPham!C:C, "T23") -> 100 | AO18: =100 + SUMIFS(NhatKy_ViPham!J:J, NhatKy_ViPham!E:E, "10_Toan_A", NhatKy_ViPham!F:F, B18, NhatKy_ViPham!C:C, "T24") - SUMIFS(NhatKy_ViPham!K:K, NhatKy_ViPham!E:E, "10_Toan_A", NhatKy_ViPham!F:F, B18, NhatKy_ViPham!C:C, "T24") -> 100 | AP18: =100 + SUMIFS(NhatKy_ViPham!J:J, NhatKy_ViPham!E:E, "10_Toan_A", NhatKy_ViPham!F:F, B18, NhatKy_ViPham!C:C, "T25") - SUMIFS(NhatKy_ViPham!K:K, NhatKy_ViPham!E:E, "10_Toan_A", NhatKy_ViPham!F:F, B18, NhatKy_ViPham!C:C, "T25") -> 100 | AQ18: =100 + SUMIFS(NhatKy_ViPham!J:J, NhatKy_ViPham!E:E, "10_Toan_A", NhatKy_ViPham!F:F, B18, NhatKy_ViPham!C:C, "T26") - SUMIFS(NhatKy_ViPham!K:K, NhatKy_ViPham!E:E, "10_Toan_A", NhatKy_ViPham!F:F, B18, NhatKy_ViPham!C:C, "T26") -> 100 | AR18: =100 + SUMIFS(NhatKy_ViPham!J:J, NhatKy_ViPham!E:E, "10_Toan_A", NhatKy_ViPham!F:F, B18, NhatKy_ViPham!C:C, "T27") - SUMIFS(NhatKy_ViPham!K:K, NhatKy_ViPham!E:E, "10_Toan_A", NhatKy_ViPham!F:F, B18, NhatKy_ViPham!C:C, "T27") -> 100 | AS18: =100 + SUMIFS(NhatKy_ViPham!J:J, NhatKy_ViPham!E:E, "10_Toan_A", NhatKy_ViPham!F:F, B18, NhatKy_ViPham!C:C, "T28") - SUMIFS(NhatKy_ViPham!K:K, NhatKy_ViPham!E:E, "10_Toan_A", NhatKy_ViPham!F:F, B18, NhatKy_ViPham!C:C, "T28") -> 100 | AT18: =100 + SUMIFS(NhatKy_ViPham!J:J, NhatKy_ViPham!E:E, "10_Toan_A", NhatKy_ViPham!F:F, B18, NhatKy_ViPham!C:C, "T29") - SUMIFS(NhatKy_ViPham!K:K, NhatKy_ViPham!E:E, "10_Toan_A", NhatKy_ViPham!F:F, B18, NhatKy_ViPham!C:C, "T29") -> 100 | AU18: =100 + SUMIFS(NhatKy_ViPham!J:J, NhatKy_ViPham!E:E, "10_Toan_A", NhatKy_ViPham!F:F, B18, NhatKy_ViPham!C:C, "T30") - SUMIFS(NhatKy_ViPham!K:K, NhatKy_ViPham!E:E, "10_Toan_A", NhatKy_ViPham!F:F, B18, NhatKy_ViPham!C:C, "T30") -> 100 | AV18: =100 + SUMIFS(NhatKy_ViPham!J:J, NhatKy_ViPham!E:E, "10_Toan_A", NhatKy_ViPham!F:F, B18, NhatKy_ViPham!C:C, "T31") - SUMIFS(NhatKy_ViPham!K:K, NhatKy_ViPham!E:E, "10_Toan_A", NhatKy_ViPham!F:F, B18, NhatKy_ViPham!C:C, "T31") -> 100 | AW18: =100 + SUMIFS(NhatKy_ViPham!J:J, NhatKy_ViPham!E:E, "10_Toan_A", NhatKy_ViPham!F:F, B18, NhatKy_ViPham!C:C, "T32") - SUMIFS(NhatKy_ViPham!K:K, NhatKy_ViPham!E:E, "10_Toan_A", NhatKy_ViPham!F:F, B18, NhatKy_ViPham!C:C, "T32") -> 100 | AX18: =100 + SUMIFS(NhatKy_ViPham!J:J, NhatKy_ViPham!E:E, "10_Toan_A", NhatKy_ViPham!F:F, B18, NhatKy_ViPham!C:C, "T33") - SUMIFS(NhatKy_ViPham!K:K, NhatKy_ViPham!E:E, "10_Toan_A", NhatKy_ViPham!F:F, B18, NhatKy_ViPham!C:C, "T33") -> 100 | AY18: =100 + SUMIFS(NhatKy_ViPham!J:J, NhatKy_ViPham!E:E, "10_Toan_A", NhatKy_ViPham!F:F, B18, NhatKy_ViPham!C:C, "T34") - SUMIFS(NhatKy_ViPham!K:K, NhatKy_ViPham!E:E, "10_Toan_A", NhatKy_ViPham!F:F, B18, NhatKy_ViPham!C:C, "T34") -> 100 | AZ18: =100 + SUMIFS(NhatKy_ViPham!J:J, NhatKy_ViPham!E:E, "10_Toan_A", NhatKy_ViPham!F:F, B18, NhatKy_ViPham!C:C, "T35") - SUMIFS(NhatKy_ViPham!K:K, NhatKy_ViPham!E:E, "10_Toan_A", NhatKy_ViPham!F:F, B18, NhatKy_ViPham!C:C, "T35") -> 100 | BA18: =ROUND(AVERAGE(R18:AZ18), 1) -> 100 | BB18: Không | BC18: =IF(BB18="Có", "Chưa đạt", IF(BA18>=85, "Tốt", IF(BA18>=70, "Khá", IF(BA18>=50, "Đạt", "Chưa đạt")))) -> Tốt | BD18: =IF(BC18="Chưa đạt", "🔴 Nguy cơ CHƯA ĐẠT", IF(BC18="Đạt", "🟡 CẦN NHẮC NHỞ", "🟢 BÌNH THƯỜNG")) -> 🟢 BÌNH THƯỜNG
A19: 11 | B19: Nguyễn Gia Huy | C19: 15/04/2011 | D19: Nam | E19: Không | F19: =SUMIFS(NhatKy_ViPham!K:K, NhatKy_ViPham!E:E, "10_Toan_A", NhatKy_ViPham!F:F, B19, NhatKy_ViPham!H:H, "L01") -> 0 | G19: =SUMIFS(NhatKy_ViPham!K:K, NhatKy_ViPham!E:E, "10_Toan_A", NhatKy_ViPham!F:F, B19, NhatKy_ViPham!H:H, "L02") -> 0 | H19: =SUMIFS(NhatKy_ViPham!K:K, NhatKy_ViPham!E:E, "10_Toan_A", NhatKy_ViPham!F:F, B19, NhatKy_ViPham!H:H, "L03") -> 0 | I19: =SUMIFS(NhatKy_ViPham!K:K, NhatKy_ViPham!E:E, "10_Toan_A", NhatKy_ViPham!F:F, B19, NhatKy_ViPham!H:H, "L04") -> 0 | J19: =SUMIFS(NhatKy_ViPham!K:K, NhatKy_ViPham!E:E, "10_Toan_A", NhatKy_ViPham!F:F, B19, NhatKy_ViPham!H:H, "L05") -> 0 | K19: =SUMIFS(NhatKy_ViPham!K:K, NhatKy_ViPham!E:E, "10_Toan_A", NhatKy_ViPham!F:F, B19, NhatKy_ViPham!H:H, "L06") -> 0 | L19: =SUMIFS(NhatKy_ViPham!K:K, NhatKy_ViPham!E:E, "10_Toan_A", NhatKy_ViPham!F:F, B19, NhatKy_ViPham!H:H, "L07") -> 0 | M19: =SUMIFS(NhatKy_ViPham!K:K, NhatKy_ViPham!E:E, "10_Toan_A", NhatKy_ViPham!F:F, B19, NhatKy_ViPham!H:H, "L08") -> 0 | N19: =SUMIFS(NhatKy_ViPham!K:K, NhatKy_ViPham!E:E, "10_Toan_A", NhatKy_ViPham!F:F, B19, NhatKy_ViPham!H:H, "L09") -> 0 | O19: =SUMIFS(NhatKy_ViPham!K:K, NhatKy_ViPham!E:E, "10_Toan_A", NhatKy_ViPham!F:F, B19, NhatKy_ViPham!H:H, "L10") -> 0 | P19: =SUMIFS(NhatKy_ViPham!J:J, NhatKy_ViPham!E:E, "10_Toan_A", NhatKy_ViPham!F:F, B19) -> 0 | Q19: =SUMIFS(NhatKy_ViPham!K:K, NhatKy_ViPham!E:E, "10_Toan_A", NhatKy_ViPham!F:F, B19) -> 0 | R19: =100 + SUMIFS(NhatKy_ViPham!J:J, NhatKy_ViPham!E:E, "10_Toan_A", NhatKy_ViPham!F:F, B19, NhatKy_ViPham!C:C, "T1") - SUMIFS(NhatKy_ViPham!K:K, NhatKy_ViPham!E:E, "10_Toan_A", NhatKy_ViPham!F:F, B19, NhatKy_ViPham!C:C, "T1") -> 100 | S19: =100 + SUMIFS(NhatKy_ViPham!J:J, NhatKy_ViPham!E:E, "10_Toan_A", NhatKy_ViPham!F:F, B19, NhatKy_ViPham!C:C, "T2") - SUMIFS(NhatKy_ViPham!K:K, NhatKy_ViPham!E:E, "10_Toan_A", NhatKy_ViPham!F:F, B19, NhatKy_ViPham!C:C, "T2") -> 100 | T19: =100 + SUMIFS(NhatKy_ViPham!J:J, NhatKy_ViPham!E:E, "10_Toan_A", NhatKy_ViPham!F:F, B19, NhatKy_ViPham!C:C, "T3") - SUMIFS(NhatKy_ViPham!K:K, NhatKy_ViPham!E:E, "10_Toan_A", NhatKy_ViPham!F:F, B19, NhatKy_ViPham!C:C, "T3") -> 100 | U19: =100 + SUMIFS(NhatKy_ViPham!J:J, NhatKy_ViPham!E:E, "10_Toan_A", NhatKy_ViPham!F:F, B19, NhatKy_ViPham!C:C, "T4") - SUMIFS(NhatKy_ViPham!K:K, NhatKy_ViPham!E:E, "10_Toan_A", NhatKy_ViPham!F:F, B19, NhatKy_ViPham!C:C, "T4") -> 100 | V19: =100 + SUMIFS(NhatKy_ViPham!J:J, NhatKy_ViPham!E:E, "10_Toan_A", NhatKy_ViPham!F:F, B19, NhatKy_ViPham!C:C, "T5") - SUMIFS(NhatKy_ViPham!K:K, NhatKy_ViPham!E:E, "10_Toan_A", NhatKy_ViPham!F:F, B19, NhatKy_ViPham!C:C, "T5") -> 100 | W19: =100 + SUMIFS(NhatKy_ViPham!J:J, NhatKy_ViPham!E:E, "10_Toan_A", NhatKy_ViPham!F:F, B19, NhatKy_ViPham!C:C, "T6") - SUMIFS(NhatKy_ViPham!K:K, NhatKy_ViPham!E:E, "10_Toan_A", NhatKy_ViPham!F:F, B19, NhatKy_ViPham!C:C, "T6") -> 100 | X19: =100 + SUMIFS(NhatKy_ViPham!J:J, NhatKy_ViPham!E:E, "10_Toan_A", NhatKy_ViPham!F:F, B19, NhatKy_ViPham!C:C, "T7") - SUMIFS(NhatKy_ViPham!K:K, NhatKy_ViPham!E:E, "10_Toan_A", NhatKy_ViPham!F:F, B19, NhatKy_ViPham!C:C, "T7") -> 100 | Y19: =100 + SUMIFS(NhatKy_ViPham!J:J, NhatKy_ViPham!E:E, "10_Toan_A", NhatKy_ViPham!F:F, B19, NhatKy_ViPham!C:C, "T8") - SUMIFS(NhatKy_ViPham!K:K, NhatKy_ViPham!E:E, "10_Toan_A", NhatKy_ViPham!F:F, B19, NhatKy_ViPham!C:C, "T8") -> 100 | Z19: =100 + SUMIFS(NhatKy_ViPham!J:J, NhatKy_ViPham!E:E, "10_Toan_A", NhatKy_ViPham!F:F, B19, NhatKy_ViPham!C:C, "T9") - SUMIFS(NhatKy_ViPham!K:K, NhatKy_ViPham!E:E, "10_Toan_A", NhatKy_ViPham!F:F, B19, NhatKy_ViPham!C:C, "T9") -> 100 | AA19: =100 + SUMIFS(NhatKy_ViPham!J:J, NhatKy_ViPham!E:E, "10_Toan_A", NhatKy_ViPham!F:F, B19, NhatKy_ViPham!C:C, "T10") - SUMIFS(NhatKy_ViPham!K:K, NhatKy_ViPham!E:E, "10_Toan_A", NhatKy_ViPham!F:F, B19, NhatKy_ViPham!C:C, "T10") -> 100 | AB19: =100 + SUMIFS(NhatKy_ViPham!J:J, NhatKy_ViPham!E:E, "10_Toan_A", NhatKy_ViPham!F:F, B19, NhatKy_ViPham!C:C, "T11") - SUMIFS(NhatKy_ViPham!K:K, NhatKy_ViPham!E:E, "10_Toan_A", NhatKy_ViPham!F:F, B19, NhatKy_ViPham!C:C, "T11") -> 100 | AC19: =100 + SUMIFS(NhatKy_ViPham!J:J, NhatKy_ViPham!E:E, "10_Toan_A", NhatKy_ViPham!F:F, B19, NhatKy_ViPham!C:C, "T12") - SUMIFS(NhatKy_ViPham!K:K, NhatKy_ViPham!E:E, "10_Toan_A", NhatKy_ViPham!F:F, B19, NhatKy_ViPham!C:C, "T12") -> 100 | AD19: =100 + SUMIFS(NhatKy_ViPham!J:J, NhatKy_ViPham!E:E, "10_Toan_A", NhatKy_ViPham!F:F, B19, NhatKy_ViPham!C:C, "T13") - SUMIFS(NhatKy_ViPham!K:K, NhatKy_ViPham!E:E, "10_Toan_A", NhatKy_ViPham!F:F, B19, NhatKy_ViPham!C:C, "T13") -> 100 | AE19: =100 + SUMIFS(NhatKy_ViPham!J:J, NhatKy_ViPham!E:E, "10_Toan_A", NhatKy_ViPham!F:F, B19, NhatKy_ViPham!C:C, "T14") - SUMIFS(NhatKy_ViPham!K:K, NhatKy_ViPham!E:E, "10_Toan_A", NhatKy_ViPham!F:F, B19, NhatKy_ViPham!C:C, "T14") -> 100 | AF19: =100 + SUMIFS(NhatKy_ViPham!J:J, NhatKy_ViPham!E:E, "10_Toan_A", NhatKy_ViPham!F:F, B19, NhatKy_ViPham!C:C, "T15") - SUMIFS(NhatKy_ViPham!K:K, NhatKy_ViPham!E:E, "10_Toan_A", NhatKy_ViPham!F:F, B19, NhatKy_ViPham!C:C, "T15") -> 100 | AG19: =100 + SUMIFS(NhatKy_ViPham!J:J, NhatKy_ViPham!E:E, "10_Toan_A", NhatKy_ViPham!F:F, B19, NhatKy_ViPham!C:C, "T16") - SUMIFS(NhatKy_ViPham!K:K, NhatKy_ViPham!E:E, "10_Toan_A", NhatKy_ViPham!F:F, B19, NhatKy_ViPham!C:C, "T16") -> 100 | AH19: =100 + SUMIFS(NhatKy_ViPham!J:J, NhatKy_ViPham!E:E, "10_Toan_A", NhatKy_ViPham!F:F, B19, NhatKy_ViPham!C:C, "T17") - SUMIFS(NhatKy_ViPham!K:K, NhatKy_ViPham!E:E, "10_Toan_A", NhatKy_ViPham!F:F, B19, NhatKy_ViPham!C:C, "T17") -> 100 | AI19: =100 + SUMIFS(NhatKy_ViPham!J:J, NhatKy_ViPham!E:E, "10_Toan_A", NhatKy_ViPham!F:F, B19, NhatKy_ViPham!C:C, "T18") - SUMIFS(NhatKy_ViPham!K:K, NhatKy_ViPham!E:E, "10_Toan_A", NhatKy_ViPham!F:F, B19, NhatKy_ViPham!C:C, "T18") -> 100 | AJ19: =100 + SUMIFS(NhatKy_ViPham!J:J, NhatKy_ViPham!E:E, "10_Toan_A", NhatKy_ViPham!F:F, B19, NhatKy_ViPham!C:C, "T19") - SUMIFS(NhatKy_ViPham!K:K, NhatKy_ViPham!E:E, "10_Toan_A", NhatKy_ViPham!F:F, B19, NhatKy_ViPham!C:C, "T19") -> 100 | AK19: =100 + SUMIFS(NhatKy_ViPham!J:J, NhatKy_ViPham!E:E, "10_Toan_A", NhatKy_ViPham!F:F, B19, NhatKy_ViPham!C:C, "T20") - SUMIFS(NhatKy_ViPham!K:K, NhatKy_ViPham!E:E, "10_Toan_A", NhatKy_ViPham!F:F, B19, NhatKy_ViPham!C:C, "T20") -> 100 | AL19: =100 + SUMIFS(NhatKy_ViPham!J:J, NhatKy_ViPham!E:E, "10_Toan_A", NhatKy_ViPham!F:F, B19, NhatKy_ViPham!C:C, "T21") - SUMIFS(NhatKy_ViPham!K:K, NhatKy_ViPham!E:E, "10_Toan_A", NhatKy_ViPham!F:F, B19, NhatKy_ViPham!C:C, "T21") -> 100 | AM19: =100 + SUMIFS(NhatKy_ViPham!J:J, NhatKy_ViPham!E:E, "10_Toan_A", NhatKy_ViPham!F:F, B19, NhatKy_ViPham!C:C, "T22") - SUMIFS(NhatKy_ViPham!K:K, NhatKy_ViPham!E:E, "10_Toan_A", NhatKy_ViPham!F:F, B19, NhatKy_ViPham!C:C, "T22") -> 100 | AN19: =100 + SUMIFS(NhatKy_ViPham!J:J, NhatKy_ViPham!E:E, "10_Toan_A", NhatKy_ViPham!F:F, B19, NhatKy_ViPham!C:C, "T23") - SUMIFS(NhatKy_ViPham!K:K, NhatKy_ViPham!E:E, "10_Toan_A", NhatKy_ViPham!F:F, B19, NhatKy_ViPham!C:C, "T23") -> 100 | AO19: =100 + SUMIFS(NhatKy_ViPham!J:J, NhatKy_ViPham!E:E, "10_Toan_A", NhatKy_ViPham!F:F, B19, NhatKy_ViPham!C:C, "T24") - SUMIFS(NhatKy_ViPham!K:K, NhatKy_ViPham!E:E, "10_Toan_A", NhatKy_ViPham!F:F, B19, NhatKy_ViPham!C:C, "T24") -> 100 | AP19: =100 + SUMIFS(NhatKy_ViPham!J:J, NhatKy_ViPham!E:E, "10_Toan_A", NhatKy_ViPham!F:F, B19, NhatKy_ViPham!C:C, "T25") - SUMIFS(NhatKy_ViPham!K:K, NhatKy_ViPham!E:E, "10_Toan_A", NhatKy_ViPham!F:F, B19, NhatKy_ViPham!C:C, "T25") -> 100 | AQ19: =100 + SUMIFS(NhatKy_ViPham!J:J, NhatKy_ViPham!E:E, "10_Toan_A", NhatKy_ViPham!F:F, B19, NhatKy_ViPham!C:C, "T26") - SUMIFS(NhatKy_ViPham!K:K, NhatKy_ViPham!E:E, "10_Toan_A", NhatKy_ViPham!F:F, B19, NhatKy_ViPham!C:C, "T26") -> 100 | AR19: =100 + SUMIFS(NhatKy_ViPham!J:J, NhatKy_ViPham!E:E, "10_Toan_A", NhatKy_ViPham!F:F, B19, NhatKy_ViPham!C:C, "T27") - SUMIFS(NhatKy_ViPham!K:K, NhatKy_ViPham!E:E, "10_Toan_A", NhatKy_ViPham!F:F, B19, NhatKy_ViPham!C:C, "T27") -> 100 | AS19: =100 + SUMIFS(NhatKy_ViPham!J:J, NhatKy_ViPham!E:E, "10_Toan_A", NhatKy_ViPham!F:F, B19, NhatKy_ViPham!C:C, "T28") - SUMIFS(NhatKy_ViPham!K:K, NhatKy_ViPham!E:E, "10_Toan_A", NhatKy_ViPham!F:F, B19, NhatKy_ViPham!C:C, "T28") -> 100 | AT19: =100 + SUMIFS(NhatKy_ViPham!J:J, NhatKy_ViPham!E:E, "10_Toan_A", NhatKy_ViPham!F:F, B19, NhatKy_ViPham!C:C, "T29") - SUMIFS(NhatKy_ViPham!K:K, NhatKy_ViPham!E:E, "10_Toan_A", NhatKy_ViPham!F:F, B19, NhatKy_ViPham!C:C, "T29") -> 100 | AU19: =100 + SUMIFS(NhatKy_ViPham!J:J, NhatKy_ViPham!E:E, "10_Toan_A", NhatKy_ViPham!F:F, B19, NhatKy_ViPham!C:C, "T30") - SUMIFS(NhatKy_ViPham!K:K, NhatKy_ViPham!E:E, "10_Toan_A", NhatKy_ViPham!F:F, B19, NhatKy_ViPham!C:C, "T30") -> 100 | AV19: =100 + SUMIFS(NhatKy_ViPham!J:J, NhatKy_ViPham!E:E, "10_Toan_A", NhatKy_ViPham!F:F, B19, NhatKy_ViPham!C:C, "T31") - SUMIFS(NhatKy_ViPham!K:K, NhatKy_ViPham!E:E, "10_Toan_A", NhatKy_ViPham!F:F, B19, NhatKy_ViPham!C:C, "T31") -> 100 | AW19: =100 + SUMIFS(NhatKy_ViPham!J:J, NhatKy_ViPham!E:E, "10_Toan_A", NhatKy_ViPham!F:F, B19, NhatKy_ViPham!C:C, "T32") - SUMIFS(NhatKy_ViPham!K:K, NhatKy_ViPham!E:E, "10_Toan_A", NhatKy_ViPham!F:F, B19, NhatKy_ViPham!C:C, "T32") -> 100 | AX19: =100 + SUMIFS(NhatKy_ViPham!J:J, NhatKy_ViPham!E:E, "10_Toan_A", NhatKy_ViPham!F:F, B19, NhatKy_ViPham!C:C, "T33") - SUMIFS(NhatKy_ViPham!K:K, NhatKy_ViPham!E:E, "10_Toan_A", NhatKy_ViPham!F:F, B19, NhatKy_ViPham!C:C, "T33") -> 100 | AY19: =100 + SUMIFS(NhatKy_ViPham!J:J, NhatKy_ViPham!E:E, "10_Toan_A", NhatKy_ViPham!F:F, B19, NhatKy_ViPham!C:C, "T34") - SUMIFS(NhatKy_ViPham!K:K, NhatKy_ViPham!E:E, "10_Toan_A", NhatKy_ViPham!F:F, B19, NhatKy_ViPham!C:C, "T34") -> 100 | AZ19: =100 + SUMIFS(NhatKy_ViPham!J:J, NhatKy_ViPham!E:E, "10_Toan_A", NhatKy_ViPham!F:F, B19, NhatKy_ViPham!C:C, "T35") - SUMIFS(NhatKy_ViPham!K:K, NhatKy_ViPham!E:E, "10_Toan_A", NhatKy_ViPham!F:F, B19, NhatKy_ViPham!C:C, "T35") -> 100 | BA19: =ROUND(AVERAGE(R19:AZ19), 1) -> 100 | BB19: Không | BC19: =IF(BB19="Có", "Chưa đạt", IF(BA19>=85, "Tốt", IF(BA19>=70, "Khá", IF(BA19>=50, "Đạt", "Chưa đạt")))) -> Tốt | BD19: =IF(BC19="Chưa đạt", "🔴 Nguy cơ CHƯA ĐẠT", IF(BC19="Đạt", "🟡 CẦN NHẮC NHỞ", "🟢 BÌNH THƯỜNG")) -> 🟢 BÌNH THƯỜNG
A20: 12 | B20: Nguyễn Minh Huy | C20: 20/03/2011 | D20: Nam | E20: Không | F20: =SUMIFS(NhatKy_ViPham!K:K, NhatKy_ViPham!E:E, "10_Toan_A", NhatKy_ViPham!F:F, B20, NhatKy_ViPham!H:H, "L01") -> 0 | G20: =SUMIFS(NhatKy_ViPham!K:K, NhatKy_ViPham!E:E, "10_Toan_A", NhatKy_ViPham!F:F, B20, NhatKy_ViPham!H:H, "L02") -> 0 | H20: =SUMIFS(NhatKy_ViPham!K:K, NhatKy_ViPham!E:E, "10_Toan_A", NhatKy_ViPham!F:F, B20, NhatKy_ViPham!H:H, "L03") -> 0 | I20: =SUMIFS(NhatKy_ViPham!K:K, NhatKy_ViPham!E:E, "10_Toan_A", NhatKy_ViPham!F:F, B20, NhatKy_ViPham!H:H, "L04") -> 0 | J20: =SUMIFS(NhatKy_ViPham!K:K, NhatKy_ViPham!E:E, "10_Toan_A", NhatKy_ViPham!F:F, B20, NhatKy_ViPham!H:H, "L05") -> 0 | K20: =SUMIFS(NhatKy_ViPham!K:K, NhatKy_ViPham!E:E, "10_Toan_A", NhatKy_ViPham!F:F, B20, NhatKy_ViPham!H:H, "L06") -> 0 | L20: =SUMIFS(NhatKy_ViPham!K:K, NhatKy_ViPham!E:E, "10_Toan_A", NhatKy_ViPham!F:F, B20, NhatKy_ViPham!H:H, "L07") -> 0 | M20: =SUMIFS(NhatKy_ViPham!K:K, NhatKy_ViPham!E:E, "10_Toan_A", NhatKy_ViPham!F:F, B20, NhatKy_ViPham!H:H, "L08") -> 0 | N20: =SUMIFS(NhatKy_ViPham!K:K, NhatKy_ViPham!E:E, "10_Toan_A", NhatKy_ViPham!F:F, B20, NhatKy_ViPham!H:H, "L09") -> 0 | O20: =SUMIFS(NhatKy_ViPham!K:K, NhatKy_ViPham!E:E, "10_Toan_A", NhatKy_ViPham!F:F, B20, NhatKy_ViPham!H:H, "L10") -> 0 | P20: =SUMIFS(NhatKy_ViPham!J:J, NhatKy_ViPham!E:E, "10_Toan_A", NhatKy_ViPham!F:F, B20) -> 0 | Q20: =SUMIFS(NhatKy_ViPham!K:K, NhatKy_ViPham!E:E, "10_Toan_A", NhatKy_ViPham!F:F, B20) -> 0 | R20: =100 + SUMIFS(NhatKy_ViPham!J:J, NhatKy_ViPham!E:E, "10_Toan_A", NhatKy_ViPham!F:F, B20, NhatKy_ViPham!C:C, "T1") - SUMIFS(NhatKy_ViPham!K:K, NhatKy_ViPham!E:E, "10_Toan_A", NhatKy_ViPham!F:F, B20, NhatKy_ViPham!C:C, "T1") -> 100 | S20: =100 + SUMIFS(NhatKy_ViPham!J:J, NhatKy_ViPham!E:E, "10_Toan_A", NhatKy_ViPham!F:F, B20, NhatKy_ViPham!C:C, "T2") - SUMIFS(NhatKy_ViPham!K:K, NhatKy_ViPham!E:E, "10_Toan_A", NhatKy_ViPham!F:F, B20, NhatKy_ViPham!C:C, "T2") -> 100 | T20: =100 + SUMIFS(NhatKy_ViPham!J:J, NhatKy_ViPham!E:E, "10_Toan_A", NhatKy_ViPham!F:F, B20, NhatKy_ViPham!C:C, "T3") - SUMIFS(NhatKy_ViPham!K:K, NhatKy_ViPham!E:E, "10_Toan_A", NhatKy_ViPham!F:F, B20, NhatKy_ViPham!C:C, "T3") -> 100 | U20: =100 + SUMIFS(NhatKy_ViPham!J:J, NhatKy_ViPham!E:E, "10_Toan_A", NhatKy_ViPham!F:F, B20, NhatKy_ViPham!C:C, "T4") - SUMIFS(NhatKy_ViPham!K:K, NhatKy_ViPham!E:E, "10_Toan_A", NhatKy_ViPham!F:F, B20, NhatKy_ViPham!C:C, "T4") -> 100 | V20: =100 + SUMIFS(NhatKy_ViPham!J:J, NhatKy_ViPham!E:E, "10_Toan_A", NhatKy_ViPham!F:F, B20, NhatKy_ViPham!C:C, "T5") - SUMIFS(NhatKy_ViPham!K:K, NhatKy_ViPham!E:E, "10_Toan_A", NhatKy_ViPham!F:F, B20, NhatKy_ViPham!C:C, "T5") -> 100 | W20: =100 + SUMIFS(NhatKy_ViPham!J:J, NhatKy_ViPham!E:E, "10_Toan_A", NhatKy_ViPham!F:F, B20, NhatKy_ViPham!C:C, "T6") - SUMIFS(NhatKy_ViPham!K:K, NhatKy_ViPham!E:E, "10_Toan_A", NhatKy_ViPham!F:F, B20, NhatKy_ViPham!C:C, "T6") -> 100 | X20: =100 + SUMIFS(NhatKy_ViPham!J:J, NhatKy_ViPham!E:E, "10_Toan_A", NhatKy_ViPham!F:F, B20, NhatKy_ViPham!C:C, "T7") - SUMIFS(NhatKy_ViPham!K:K, NhatKy_ViPham!E:E, "10_Toan_A", NhatKy_ViPham!F:F, B20, NhatKy_ViPham!C:C, "T7") -> 100 | Y20: =100 + SUMIFS(NhatKy_ViPham!J:J, NhatKy_ViPham!E:E, "10_Toan_A", NhatKy_ViPham!F:F, B20, NhatKy_ViPham!C:C, "T8") - SUMIFS(NhatKy_ViPham!K:K, NhatKy_ViPham!E:E, "10_Toan_A", NhatKy_ViPham!F:F, B20, NhatKy_ViPham!C:C, "T8") -> 100 | Z20: =100 + SUMIFS(NhatKy_ViPham!J:J, NhatKy_ViPham!E:E, "10_Toan_A", NhatKy_ViPham!F:F, B20, NhatKy_ViPham!C:C, "T9") - SUMIFS(NhatKy_ViPham!K:K, NhatKy_ViPham!E:E, "10_Toan_A", NhatKy_ViPham!F:F, B20, NhatKy_ViPham!C:C, "T9") -> 100 | AA20: =100 + SUMIFS(NhatKy_ViPham!J:J, NhatKy_ViPham!E:E, "10_Toan_A", NhatKy_ViPham!F:F, B20, NhatKy_ViPham!C:C, "T10") - SUMIFS(NhatKy_ViPham!K:K, NhatKy_ViPham!E:E, "10_Toan_A", NhatKy_ViPham!F:F, B20, NhatKy_ViPham!C:C, "T10") -> 100 | AB20: =100 + SUMIFS(NhatKy_ViPham!J:J, NhatKy_ViPham!E:E, "10_Toan_A", NhatKy_ViPham!F:F, B20, NhatKy_ViPham!C:C, "T11") - SUMIFS(NhatKy_ViPham!K:K, NhatKy_ViPham!E:E, "10_Toan_A", NhatKy_ViPham!F:F, B20, NhatKy_ViPham!C:C, "T11") -> 100 | AC20: =100 + SUMIFS(NhatKy_ViPham!J:J, NhatKy_ViPham!E:E, "10_Toan_A", NhatKy_ViPham!F:F, B20, NhatKy_ViPham!C:C, "T12") - SUMIFS(NhatKy_ViPham!K:K, NhatKy_ViPham!E:E, "10_Toan_A", NhatKy_ViPham!F:F, B20, NhatKy_ViPham!C:C, "T12") -> 100 | AD20: =100 + SUMIFS(NhatKy_ViPham!J:J, NhatKy_ViPham!E:E, "10_Toan_A", NhatKy_ViPham!F:F, B20, NhatKy_ViPham!C:C, "T13") - SUMIFS(NhatKy_ViPham!K:K, NhatKy_ViPham!E:E, "10_Toan_A", NhatKy_ViPham!F:F, B20, NhatKy_ViPham!C:C, "T13") -> 100 | AE20: =100 + SUMIFS(NhatKy_ViPham!J:J, NhatKy_ViPham!E:E, "10_Toan_A", NhatKy_ViPham!F:F, B20, NhatKy_ViPham!C:C, "T14") - SUMIFS(NhatKy_ViPham!K:K, NhatKy_ViPham!E:E, "10_Toan_A", NhatKy_ViPham!F:F, B20, NhatKy_ViPham!C:C, "T14") -> 100 | AF20: =100 + SUMIFS(NhatKy_ViPham!J:J, NhatKy_ViPham!E:E, "10_Toan_A", NhatKy_ViPham!F:F, B20, NhatKy_ViPham!C:C, "T15") - SUMIFS(NhatKy_ViPham!K:K, NhatKy_ViPham!E:E, "10_Toan_A", NhatKy_ViPham!F:F, B20, NhatKy_ViPham!C:C, "T15") -> 100 | AG20: =100 + SUMIFS(NhatKy_ViPham!J:J, NhatKy_ViPham!E:E, "10_Toan_A", NhatKy_ViPham!F:F, B20, NhatKy_ViPham!C:C, "T16") - SUMIFS(NhatKy_ViPham!K:K, NhatKy_ViPham!E:E, "10_Toan_A", NhatKy_ViPham!F:F, B20, NhatKy_ViPham!C:C, "T16") -> 100 | AH20: =100 + SUMIFS(NhatKy_ViPham!J:J, NhatKy_ViPham!E:E, "10_Toan_A", NhatKy_ViPham!F:F, B20, NhatKy_ViPham!C:C, "T17") - SUMIFS(NhatKy_ViPham!K:K, NhatKy_ViPham!E:E, "10_Toan_A", NhatKy_ViPham!F:F, B20, NhatKy_ViPham!C:C, "T17") -> 100 | AI20: =100 + SUMIFS(NhatKy_ViPham!J:J, NhatKy_ViPham!E:E, "10_Toan_A", NhatKy_ViPham!F:F, B20, NhatKy_ViPham!C:C, "T18") - SUMIFS(NhatKy_ViPham!K:K, NhatKy_ViPham!E:E, "10_Toan_A", NhatKy_ViPham!F:F, B20, NhatKy_ViPham!C:C, "T18") -> 100 | AJ20: =100 + SUMIFS(NhatKy_ViPham!J:J, NhatKy_ViPham!E:E, "10_Toan_A", NhatKy_ViPham!F:F, B20, NhatKy_ViPham!C:C, "T19") - SUMIFS(NhatKy_ViPham!K:K, NhatKy_ViPham!E:E, "10_Toan_A", NhatKy_ViPham!F:F, B20, NhatKy_ViPham!C:C, "T19") -> 100 | AK20: =100 + SUMIFS(NhatKy_ViPham!J:J, NhatKy_ViPham!E:E, "10_Toan_A", NhatKy_ViPham!F:F, B20, NhatKy_ViPham!C:C, "T20") - SUMIFS(NhatKy_ViPham!K:K, NhatKy_ViPham!E:E, "10_Toan_A", NhatKy_ViPham!F:F, B20, NhatKy_ViPham!C:C, "T20") -> 100 | AL20: =100 + SUMIFS(NhatKy_ViPham!J:J, NhatKy_ViPham!E:E, "10_Toan_A", NhatKy_ViPham!F:F, B20, NhatKy_ViPham!C:C, "T21") - SUMIFS(NhatKy_ViPham!K:K, NhatKy_ViPham!E:E, "10_Toan_A", NhatKy_ViPham!F:F, B20, NhatKy_ViPham!C:C, "T21") -> 100 | AM20: =100 + SUMIFS(NhatKy_ViPham!J:J, NhatKy_ViPham!E:E, "10_Toan_A", NhatKy_ViPham!F:F, B20, NhatKy_ViPham!C:C, "T22") - SUMIFS(NhatKy_ViPham!K:K, NhatKy_ViPham!E:E, "10_Toan_A", NhatKy_ViPham!F:F, B20, NhatKy_ViPham!C:C, "T22") -> 100 | AN20: =100 + SUMIFS(NhatKy_ViPham!J:J, NhatKy_ViPham!E:E, "10_Toan_A", NhatKy_ViPham!F:F, B20, NhatKy_ViPham!C:C, "T23") - SUMIFS(NhatKy_ViPham!K:K, NhatKy_ViPham!E:E, "10_Toan_A", NhatKy_ViPham!F:F, B20, NhatKy_ViPham!C:C, "T23") -> 100 | AO20: =100 + SUMIFS(NhatKy_ViPham!J:J, NhatKy_ViPham!E:E, "10_Toan_A", NhatKy_ViPham!F:F, B20, NhatKy_ViPham!C:C, "T24") - SUMIFS(NhatKy_ViPham!K:K, NhatKy_ViPham!E:E, "10_Toan_A", NhatKy_ViPham!F:F, B20, NhatKy_ViPham!C:C, "T24") -> 100 | AP20: =100 + SUMIFS(NhatKy_ViPham!J:J, NhatKy_ViPham!E:E, "10_Toan_A", NhatKy_ViPham!F:F, B20, NhatKy_ViPham!C:C, "T25") - SUMIFS(NhatKy_ViPham!K:K, NhatKy_ViPham!E:E, "10_Toan_A", NhatKy_ViPham!F:F, B20, NhatKy_ViPham!C:C, "T25") -> 100 | AQ20: =100 + SUMIFS(NhatKy_ViPham!J:J, NhatKy_ViPham!E:E, "10_Toan_A", NhatKy_ViPham!F:F, B20, NhatKy_ViPham!C:C, "T26") - SUMIFS(NhatKy_ViPham!K:K, NhatKy_ViPham!E:E, "10_Toan_A", NhatKy_ViPham!F:F, B20, NhatKy_ViPham!C:C, "T26") -> 100 | AR20: =100 + SUMIFS(NhatKy_ViPham!J:J, NhatKy_ViPham!E:E, "10_Toan_A", NhatKy_ViPham!F:F, B20, NhatKy_ViPham!C:C, "T27") - SUMIFS(NhatKy_ViPham!K:K, NhatKy_ViPham!E:E, "10_Toan_A", NhatKy_ViPham!F:F, B20, NhatKy_ViPham!C:C, "T27") -> 100 | AS20: =100 + SUMIFS(NhatKy_ViPham!J:J, NhatKy_ViPham!E:E, "10_Toan_A", NhatKy_ViPham!F:F, B20, NhatKy_ViPham!C:C, "T28") - SUMIFS(NhatKy_ViPham!K:K, NhatKy_ViPham!E:E, "10_Toan_A", NhatKy_ViPham!F:F, B20, NhatKy_ViPham!C:C, "T28") -> 100 | AT20: =100 + SUMIFS(NhatKy_ViPham!J:J, NhatKy_ViPham!E:E, "10_Toan_A", NhatKy_ViPham!F:F, B20, NhatKy_ViPham!C:C, "T29") - SUMIFS(NhatKy_ViPham!K:K, NhatKy_ViPham!E:E, "10_Toan_A", NhatKy_ViPham!F:F, B20, NhatKy_ViPham!C:C, "T29") -> 100 | AU20: =100 + SUMIFS(NhatKy_ViPham!J:J, NhatKy_ViPham!E:E, "10_Toan_A", NhatKy_ViPham!F:F, B20, NhatKy_ViPham!C:C, "T30") - SUMIFS(NhatKy_ViPham!K:K, NhatKy_ViPham!E:E, "10_Toan_A", NhatKy_ViPham!F:F, B20, NhatKy_ViPham!C:C, "T30") -> 100 | AV20: =100 + SUMIFS(NhatKy_ViPham!J:J, NhatKy_ViPham!E:E, "10_Toan_A", NhatKy_ViPham!F:F, B20, NhatKy_ViPham!C:C, "T31") - SUMIFS(NhatKy_ViPham!K:K, NhatKy_ViPham!E:E, "10_Toan_A", NhatKy_ViPham!F:F, B20, NhatKy_ViPham!C:C, "T31") -> 100 | AW20: =100 + SUMIFS(NhatKy_ViPham!J:J, NhatKy_ViPham!E:E, "10_Toan_A", NhatKy_ViPham!F:F, B20, NhatKy_ViPham!C:C, "T32") - SUMIFS(NhatKy_ViPham!K:K, NhatKy_ViPham!E:E, "10_Toan_A", NhatKy_ViPham!F:F, B20, NhatKy_ViPham!C:C, "T32") -> 100 | AX20: =100 + SUMIFS(NhatKy_ViPham!J:J, NhatKy_ViPham!E:E, "10_Toan_A", NhatKy_ViPham!F:F, B20, NhatKy_ViPham!C:C, "T33") - SUMIFS(NhatKy_ViPham!K:K, NhatKy_ViPham!E:E, "10_Toan_A", NhatKy_ViPham!F:F, B20, NhatKy_ViPham!C:C, "T33") -> 100 | AY20: =100 + SUMIFS(NhatKy_ViPham!J:J, NhatKy_ViPham!E:E, "10_Toan_A", NhatKy_ViPham!F:F, B20, NhatKy_ViPham!C:C, "T34") - SUMIFS(NhatKy_ViPham!K:K, NhatKy_ViPham!E:E, "10_Toan_A", NhatKy_ViPham!F:F, B20, NhatKy_ViPham!C:C, "T34") -> 100 | AZ20: =100 + SUMIFS(NhatKy_ViPham!J:J, NhatKy_ViPham!E:E, "10_Toan_A", NhatKy_ViPham!F:F, B20, NhatKy_ViPham!C:C, "T35") - SUMIFS(NhatKy_ViPham!K:K, NhatKy_ViPham!E:E, "10_Toan_A", NhatKy_ViPham!F:F, B20, NhatKy_ViPham!C:C, "T35") -> 100 | BA20: =ROUND(AVERAGE(R20:AZ20), 1) -> 100 | BB20: Không | BC20: =IF(BB20="Có", "Chưa đạt", IF(BA20>=85, "Tốt", IF(BA20>=70, "Khá", IF(BA20>=50, "Đạt", "Chưa đạt")))) -> Tốt | BD20: =IF(BC20="Chưa đạt", "🔴 Nguy cơ CHƯA ĐẠT", IF(BC20="Đạt", "🟡 CẦN NHẮC NHỞ", "🟢 BÌNH THƯỜNG")) -> 🟢 BÌNH THƯỜNG
... A43: 35 | B43: Nguyễn Đình Vũ | C43: 10/08/2011 | D43: Nam | E43: Không | F43: =SUMIFS(NhatKy_ViPham!K:K, NhatKy_ViPham!E:E, "10_Toan_A", NhatKy_ViPham!F:F, B43, NhatKy_ViPham!H:H, "L01") -> 0 | G43: =SUMIFS(NhatKy_ViPham!K:K, NhatKy_ViPham!E:E, "10_Toan_A", NhatKy_ViPham!F:F, B43, NhatKy_ViPham!H:H, "L02") -> 0 | H43: =SUMIFS(NhatKy_ViPham!K:K, NhatKy_ViPham!E:E, "10_Toan_A", NhatKy_ViPham!F:F, B43, NhatKy_ViPham!H:H, "L03") -> 0 | I43: =SUMIFS(NhatKy_ViPham!K:K, NhatKy_ViPham!E:E, "10_Toan_A", NhatKy_ViPham!F:F, B43, NhatKy_ViPham!H:H, "L04") -> 0 | J43: =SUMIFS(NhatKy_ViPham!K:K, NhatKy_ViPham!E:E, "10_Toan_A", NhatKy_ViPham!F:F, B43, NhatKy_ViPham!H:H, "L05") -> 0 | K43: =SUMIFS(NhatKy_ViPham!K:K, NhatKy_ViPham!E:E, "10_Toan_A", NhatKy_ViPham!F:F, B43, NhatKy_ViPham!H:H, "L06") -> 0 | L43: =SUMIFS(NhatKy_ViPham!K:K, NhatKy_ViPham!E:E, "10_Toan_A", NhatKy_ViPham!F:F, B43, NhatKy_ViPham!H:H, "L07") -> 0 | M43: =SUMIFS(NhatKy_ViPham!K:K, NhatKy_ViPham!E:E, "10_Toan_A", NhatKy_ViPham!F:F, B43, NhatKy_ViPham!H:H, "L08") -> 0 | N43: =SUMIFS(NhatKy_ViPham!K:K, NhatKy_ViPham!E:E, "10_Toan_A", NhatKy_ViPham!F:F, B43, NhatKy_ViPham!H:H, "L09") -> 0 | O43: =SUMIFS(NhatKy_ViPham!K:K, NhatKy_ViPham!E:E, "10_Toan_A", NhatKy_ViPham!F:F, B43, NhatKy_ViPham!H:H, "L10") -> 0 | P43: =SUMIFS(NhatKy_ViPham!J:J, NhatKy_ViPham!E:E, "10_Toan_A", NhatKy_ViPham!F:F, B43) -> 0 | Q43: =SUMIFS(NhatKy_ViPham!K:K, NhatKy_ViPham!E:E, "10_Toan_A", NhatKy_ViPham!F:F, B43) -> 0 | R43: =100 + SUMIFS(NhatKy_ViPham!J:J, NhatKy_ViPham!E:E, "10_Toan_A", NhatKy_ViPham!F:F, B43, NhatKy_ViPham!C:C, "T1") - SUMIFS(NhatKy_ViPham!K:K, NhatKy_ViPham!E:E, "10_Toan_A", NhatKy_ViPham!F:F, B43, NhatKy_ViPham!C:C, "T1") -> 100 | S43: =100 + SUMIFS(NhatKy_ViPham!J:J, NhatKy_ViPham!E:E, "10_Toan_A", NhatKy_ViPham!F:F, B43, NhatKy_ViPham!C:C, "T2") - SUMIFS(NhatKy_ViPham!K:K, NhatKy_ViPham!E:E, "10_Toan_A", NhatKy_ViPham!F:F, B43, NhatKy_ViPham!C:C, "T2") -> 100 | T43: =100 + SUMIFS(NhatKy_ViPham!J:J, NhatKy_ViPham!E:E, "10_Toan_A", NhatKy_ViPham!F:F, B43, NhatKy_ViPham!C:C, "T3") - SUMIFS(NhatKy_ViPham!K:K, NhatKy_ViPham!E:E, "10_Toan_A", NhatKy_ViPham!F:F, B43, NhatKy_ViPham!C:C, "T3") -> 100 | U43: =100 + SUMIFS(NhatKy_ViPham!J:J, NhatKy_ViPham!E:E, "10_Toan_A", NhatKy_ViPham!F:F, B43, NhatKy_ViPham!C:C, "T4") - SUMIFS(NhatKy_ViPham!K:K, NhatKy_ViPham!E:E, "10_Toan_A", NhatKy_ViPham!F:F, B43, NhatKy_ViPham!C:C, "T4") -> 100 | V43: =100 + SUMIFS(NhatKy_ViPham!J:J, NhatKy_ViPham!E:E, "10_Toan_A", NhatKy_ViPham!F:F, B43, NhatKy_ViPham!C:C, "T5") - SUMIFS(NhatKy_ViPham!K:K, NhatKy_ViPham!E:E, "10_Toan_A", NhatKy_ViPham!F:F, B43, NhatKy_ViPham!C:C, "T5") -> 100 | W43: =100 + SUMIFS(NhatKy_ViPham!J:J, NhatKy_ViPham!E:E, "10_Toan_A", NhatKy_ViPham!F:F, B43, NhatKy_ViPham!C:C, "T6") - SUMIFS(NhatKy_ViPham!K:K, NhatKy_ViPham!E:E, "10_Toan_A", NhatKy_ViPham!F:F, B43, NhatKy_ViPham!C:C, "T6") -> 100 | X43: =100 + SUMIFS(NhatKy_ViPham!J:J, NhatKy_ViPham!E:E, "10_Toan_A", NhatKy_ViPham!F:F, B43, NhatKy_ViPham!C:C, "T7") - SUMIFS(NhatKy_ViPham!K:K, NhatKy_ViPham!E:E, "10_Toan_A", NhatKy_ViPham!F:F, B43, NhatKy_ViPham!C:C, "T7") -> 100 | Y43: =100 + SUMIFS(NhatKy_ViPham!J:J, NhatKy_ViPham!E:E, "10_Toan_A", NhatKy_ViPham!F:F, B43, NhatKy_ViPham!C:C, "T8") - SUMIFS(NhatKy_ViPham!K:K, NhatKy_ViPham!E:E, "10_Toan_A", NhatKy_ViPham!F:F, B43, NhatKy_ViPham!C:C, "T8") -> 100 | Z43: =100 + SUMIFS(NhatKy_ViPham!J:J, NhatKy_ViPham!E:E, "10_Toan_A", NhatKy_ViPham!F:F, B43, NhatKy_ViPham!C:C, "T9") - SUMIFS(NhatKy_ViPham!K:K, NhatKy_ViPham!E:E, "10_Toan_A", NhatKy_ViPham!F:F, B43, NhatKy_ViPham!C:C, "T9") -> 100 | AA43: =100 + SUMIFS(NhatKy_ViPham!J:J, NhatKy_ViPham!E:E, "10_Toan_A", NhatKy_ViPham!F:F, B43, NhatKy_ViPham!C:C, "T10") - SUMIFS(NhatKy_ViPham!K:K, NhatKy_ViPham!E:E, "10_Toan_A", NhatKy_ViPham!F:F, B43, NhatKy_ViPham!C:C, "T10") -> 100 | AB43: =100 + SUMIFS(NhatKy_ViPham!J:J, NhatKy_ViPham!E:E, "10_Toan_A", NhatKy_ViPham!F:F, B43, NhatKy_ViPham!C:C, "T11") - SUMIFS(NhatKy_ViPham!K:K, NhatKy_ViPham!E:E, "10_Toan_A", NhatKy_ViPham!F:F, B43, NhatKy_ViPham!C:C, "T11") -> 100 | AC43: =100 + SUMIFS(NhatKy_ViPham!J:J, NhatKy_ViPham!E:E, "10_Toan_A", NhatKy_ViPham!F:F, B43, NhatKy_ViPham!C:C, "T12") - SUMIFS(NhatKy_ViPham!K:K, NhatKy_ViPham!E:E, "10_Toan_A", NhatKy_ViPham!F:F, B43, NhatKy_ViPham!C:C, "T12") -> 100 | AD43: =100 + SUMIFS(NhatKy_ViPham!J:J, NhatKy_ViPham!E:E, "10_Toan_A", NhatKy_ViPham!F:F, B43, NhatKy_ViPham!C:C, "T13") - SUMIFS(NhatKy_ViPham!K:K, NhatKy_ViPham!E:E, "10_Toan_A", NhatKy_ViPham!F:F, B43, NhatKy_ViPham!C:C, "T13") -> 100 | AE43: =100 + SUMIFS(NhatKy_ViPham!J:J, NhatKy_ViPham!E:E, "10_Toan_A", NhatKy_ViPham!F:F, B43, NhatKy_ViPham!C:C, "T14") - SUMIFS(NhatKy_ViPham!K:K, NhatKy_ViPham!E:E, "10_Toan_A", NhatKy_ViPham!F:F, B43, NhatKy_ViPham!C:C, "T14") -> 100 | AF43: =100 + SUMIFS(NhatKy_ViPham!J:J, NhatKy_ViPham!E:E, "10_Toan_A", NhatKy_ViPham!F:F, B43, NhatKy_ViPham!C:C, "T15") - SUMIFS(NhatKy_ViPham!K:K, NhatKy_ViPham!E:E, "10_Toan_A", NhatKy_ViPham!F:F, B43, NhatKy_ViPham!C:C, "T15") -> 100 | AG43: =100 + SUMIFS(NhatKy_ViPham!J:J, NhatKy_ViPham!E:E, "10_Toan_A", NhatKy_ViPham!F:F, B43, NhatKy_ViPham!C:C, "T16") - SUMIFS(NhatKy_ViPham!K:K, NhatKy_ViPham!E:E, "10_Toan_A", NhatKy_ViPham!F:F, B43, NhatKy_ViPham!C:C, "T16") -> 100 | AH43: =100 + SUMIFS(NhatKy_ViPham!J:J, NhatKy_ViPham!E:E, "10_Toan_A", NhatKy_ViPham!F:F, B43, NhatKy_ViPham!C:C, "T17") - SUMIFS(NhatKy_ViPham!K:K, NhatKy_ViPham!E:E, "10_Toan_A", NhatKy_ViPham!F:F, B43, NhatKy_ViPham!C:C, "T17") -> 100 | AI43: =100 + SUMIFS(NhatKy_ViPham!J:J, NhatKy_ViPham!E:E, "10_Toan_A", NhatKy_ViPham!F:F, B43, NhatKy_ViPham!C:C, "T18") - SUMIFS(NhatKy_ViPham!K:K, NhatKy_ViPham!E:E, "10_Toan_A", NhatKy_ViPham!F:F, B43, NhatKy_ViPham!C:C, "T18") -> 100 | AJ43: =100 + SUMIFS(NhatKy_ViPham!J:J, NhatKy_ViPham!E:E, "10_Toan_A", NhatKy_ViPham!F:F, B43, NhatKy_ViPham!C:C, "T19") - SUMIFS(NhatKy_ViPham!K:K, NhatKy_ViPham!E:E, "10_Toan_A", NhatKy_ViPham!F:F, B43, NhatKy_ViPham!C:C, "T19") -> 100 | AK43: =100 + SUMIFS(NhatKy_ViPham!J:J, NhatKy_ViPham!E:E, "10_Toan_A", NhatKy_ViPham!F:F, B43, NhatKy_ViPham!C:C, "T20") - SUMIFS(NhatKy_ViPham!K:K, NhatKy_ViPham!E:E, "10_Toan_A", NhatKy_ViPham!F:F, B43, NhatKy_ViPham!C:C, "T20") -> 100 | AL43: =100 + SUMIFS(NhatKy_ViPham!J:J, NhatKy_ViPham!E:E, "10_Toan_A", NhatKy_ViPham!F:F, B43, NhatKy_ViPham!C:C, "T21") - SUMIFS(NhatKy_ViPham!K:K, NhatKy_ViPham!E:E, "10_Toan_A", NhatKy_ViPham!F:F, B43, NhatKy_ViPham!C:C, "T21") -> 100 | AM43: =100 + SUMIFS(NhatKy_ViPham!J:J, NhatKy_ViPham!E:E, "10_Toan_A", NhatKy_ViPham!F:F, B43, NhatKy_ViPham!C:C, "T22") - SUMIFS(NhatKy_ViPham!K:K, NhatKy_ViPham!E:E, "10_Toan_A", NhatKy_ViPham!F:F, B43, NhatKy_ViPham!C:C, "T22") -> 100 | AN43: =100 + SUMIFS(NhatKy_ViPham!J:J, NhatKy_ViPham!E:E, "10_Toan_A", NhatKy_ViPham!F:F, B43, NhatKy_ViPham!C:C, "T23") - SUMIFS(NhatKy_ViPham!K:K, NhatKy_ViPham!E:E, "10_Toan_A", NhatKy_ViPham!F:F, B43, NhatKy_ViPham!C:C, "T23") -> 100 | AO43: =100 + SUMIFS(NhatKy_ViPham!J:J, NhatKy_ViPham!E:E, "10_Toan_A", NhatKy_ViPham!F:F, B43, NhatKy_ViPham!C:C, "T24") - SUMIFS(NhatKy_ViPham!K:K, NhatKy_ViPham!E:E, "10_Toan_A", NhatKy_ViPham!F:F, B43, NhatKy_ViPham!C:C, "T24") -> 100 | AP43: =100 + SUMIFS(NhatKy_ViPham!J:J, NhatKy_ViPham!E:E, "10_Toan_A", NhatKy_ViPham!F:F, B43, NhatKy_ViPham!C:C, "T25") - SUMIFS(NhatKy_ViPham!K:K, NhatKy_ViPham!E:E, "10_Toan_A", NhatKy_ViPham!F:F, B43, NhatKy_ViPham!C:C, "T25") -> 100 | AQ43: =100 + SUMIFS(NhatKy_ViPham!J:J, NhatKy_ViPham!E:E, "10_Toan_A", NhatKy_ViPham!F:F, B43, NhatKy_ViPham!C:C, "T26") - SUMIFS(NhatKy_ViPham!K:K, NhatKy_ViPham!E:E, "10_Toan_A", NhatKy_ViPham!F:F, B43, NhatKy_ViPham!C:C, "T26") -> 100 | AR43: =100 + SUMIFS(NhatKy_ViPham!J:J, NhatKy_ViPham!E:E, "10_Toan_A", NhatKy_ViPham!F:F, B43, NhatKy_ViPham!C:C, "T27") - SUMIFS(NhatKy_ViPham!K:K, NhatKy_ViPham!E:E, "10_Toan_A", NhatKy_ViPham!F:F, B43, NhatKy_ViPham!C:C, "T27") -> 100 | AS43: =100 + SUMIFS(NhatKy_ViPham!J:J, NhatKy_ViPham!E:E, "10_Toan_A", NhatKy_ViPham!F:F, B43, NhatKy_ViPham!C:C, "T28") - SUMIFS(NhatKy_ViPham!K:K, NhatKy_ViPham!E:E, "10_Toan_A", NhatKy_ViPham!F:F, B43, NhatKy_ViPham!C:C, "T28") -> 100 | AT43: =100 + SUMIFS(NhatKy_ViPham!J:J, NhatKy_ViPham!E:E, "10_Toan_A", NhatKy_ViPham!F:F, B43, NhatKy_ViPham!C:C, "T29") - SUMIFS(NhatKy_ViPham!K:K, NhatKy_ViPham!E:E, "10_Toan_A", NhatKy_ViPham!F:F, B43, NhatKy_ViPham!C:C, "T29") -> 100 | AU43: =100 + SUMIFS(NhatKy_ViPham!J:J, NhatKy_ViPham!E:E, "10_Toan_A", NhatKy_ViPham!F:F, B43, NhatKy_ViPham!C:C, "T30") - SUMIFS(NhatKy_ViPham!K:K, NhatKy_ViPham!E:E, "10_Toan_A", NhatKy_ViPham!F:F, B43, NhatKy_ViPham!C:C, "T30") -> 100 | AV43: =100 + SUMIFS(NhatKy_ViPham!J:J, NhatKy_ViPham!E:E, "10_Toan_A", NhatKy_ViPham!F:F, B43, NhatKy_ViPham!C:C, "T31") - SUMIFS(NhatKy_ViPham!K:K, NhatKy_ViPham!E:E, "10_Toan_A", NhatKy_ViPham!F:F, B43, NhatKy_ViPham!C:C, "T31") -> 100 | AW43: =100 + SUMIFS(NhatKy_ViPham!J:J, NhatKy_ViPham!E:E, "10_Toan_A", NhatKy_ViPham!F:F, B43, NhatKy_ViPham!C:C, "T32") - SUMIFS(NhatKy_ViPham!K:K, NhatKy_ViPham!E:E, "10_Toan_A", NhatKy_ViPham!F:F, B43, NhatKy_ViPham!C:C, "T32") -> 100 | AX43: =100 + SUMIFS(NhatKy_ViPham!J:J, NhatKy_ViPham!E:E, "10_Toan_A", NhatKy_ViPham!F:F, B43, NhatKy_ViPham!C:C, "T33") - SUMIFS(NhatKy_ViPham!K:K, NhatKy_ViPham!E:E, "10_Toan_A", NhatKy_ViPham!F:F, B43, NhatKy_ViPham!C:C, "T33") -> 100 | AY43: =100 + SUMIFS(NhatKy_ViPham!J:J, NhatKy_ViPham!E:E, "10_Toan_A", NhatKy_ViPham!F:F, B43, NhatKy_ViPham!C:C, "T34") - SUMIFS(NhatKy_ViPham!K:K, NhatKy_ViPham!E:E, "10_Toan_A", NhatKy_ViPham!F:F, B43, NhatKy_ViPham!C:C, "T34") -> 100 | AZ43: =100 + SUMIFS(NhatKy_ViPham!J:J, NhatKy_ViPham!E:E, "10_Toan_A", NhatKy_ViPham!F:F, B43, NhatKy_ViPham!C:C, "T35") - SUMIFS(NhatKy_ViPham!K:K, NhatKy_ViPham!E:E, "10_Toan_A", NhatKy_ViPham!F:F, B43, NhatKy_ViPham!C:C, "T35") -> 100 | BA43: =ROUND(AVERAGE(R43:AZ43), 1) -> 100 | BB43: Không | BC43: =IF(BB43="Có", "Chưa đạt", IF(BA43>=85, "Tốt", IF(BA43>=70, "Khá", IF(BA43>=50, "Đạt", "Chưa đạt")))) -> Tốt | BD43: =IF(BC43="Chưa đạt", "🔴 Nguy cơ CHƯA ĐẠT", IF(BC43="Đạt", "🟡 CẦN NHẮC NHỞ", "🟢 BÌNH THƯỜNG")) -> 🟢 BÌNH THƯỜNG

Sheet 10_Toan_B
A1: BẢNG ĐÁNH GIÁ RÈN LUYỆN HỌC SINH THEO KPI HÀNG NGÀY / HÀNG TUẦN - LỚP 10 TOAN B | AX1: 🏠 về Mục Lục
A2: Khối: Khối 10 | GVCN: Đoàn Thị Lan Oanh | Thời gian theo dõi: 07/09/2026 - 30/05/2027 (35 Tuần học | 7 ngày/tuần) | THPT Chuyên Hùng Vương | AX2: 📋 Nhật Ký Vi Phạm Lớp 10_Toan_B
A4: Sĩ Số Lớp | C4: Xếp loại TỐT | E4: Xếp loại KHÁ | G4: Xếp loại ĐẠT | I4: Xếp loại CHƯA ĐẠT | K4: Điểm KPI TB Cả Năm Lớp
A5: =COUNTA(A9:A43) -> 35 | C5: =COUNTIF(BC9:BC43, "Tốt") -> 35 | E5: =COUNTIF(BC9:BC43, "Khá") -> 0 | G5: =COUNTIF(BC9:BC43, "Đạt") -> 0 | I5: =COUNTIF(BC9:BC43, "Chưa đạt") -> 0 | K5: =ROUND(AVERAGE(BA9:BA43), 1) -> 99.9
A7: STT | B7: Họ và tên Học sinh | C7: Ngày sinh | D7: Giới tính | E7: Ở KTX | F7: L01: Đi muộn (sau 7h00) | G7: L02: Sai đồng phục/Thẻ | H7: L03: Gửi xe sai vị trí | I7: L04: Ăn vặt lớp/sân | J7: L05: Dùng điện thoại | K7: L06: Tắt điện quạt | L7: L07: Vi phạm KTX | M7: L08: Mất trật tự/Ứng xử | N7: L09: Gian lận thi/AI | O7: L10: Hút thuốc/Chất cấm | P7: Tổng Điểm Cộng (+) | Q7: Tổng Điểm Trừ (-) | R7: Tháng 9/2026 (07/09-30/09) | V7: Tháng 10/2026 (01/10-31/10) | Z7: Tháng 11/2026 (01/11-30/11) | AD7: Tháng 12/2026 (01/12-31/12) | AH7: Tháng 1/2027 (01/01-31/01) | AL7: Tháng 2/2027 (01/02-28/02) | AP7: Tháng 3/2027 (01/03-31/03) | AT7: Tháng 4/2027 (01/04-30/04) | AX7: Tháng 5/2027 (01/05-30/05) | BA7: Điểm KPI TB Cả Năm | BB7: Vi phạm Nghiêm trọng | BC7: Xếp loại Rèn luyện | BD7: Tín hiệu Cảnh báo & Lời nhắn GVCN
R8: T1 | S8: T2 | T8: T3 | U8: T4 | V8: T5 | W8: T6 | X8: T7 | Y8: T8 | Z8: T9 | AA8: T10 | AB8: T11 | AC8: T12 | AD8: T13 | AE8: T14 | AF8: T15 | AG8: T16 | AH8: T17 | AI8: T18 | AJ8: T19 | AK8: T20 | AL8: T21 | AM8: T22 | AN8: T23 | AO8: T24 | AP8: T25 | AQ8: T26 | AR8: T27 | AS8: T28 | AT8: T29 | AU8: T30 | AV8: T31 | AW8: T32 | AX8: T33 | AY8: T34 | AZ8: T35
